site,wildtype,mutant,antibody,escape,antibody_set
331,N,A,mAb_52,-0.02162,RBD mAbs
331,N,C,mAb_52,-0.001194,RBD mAbs
331,N,D,mAb_52,0.1728,RBD mAbs
331,N,E,mAb_52,0.002004,RBD mAbs
331,N,F,mAb_52,0.02379,RBD mAbs
331,N,G,mAb_52,-0.000361,RBD mAbs
331,N,H,mAb_52,-0.01169,RBD mAbs
331,N,I,mAb_52,-0.007871,RBD mAbs
331,N,K,mAb_52,-0.1302,RBD mAbs
331,N,L,mAb_52,-0.003399,RBD mAbs
331,N,M,mAb_52,0.07799,RBD mAbs
331,N,P,mAb_52,-0.001537,RBD mAbs
331,N,Q,mAb_52,0.5286,RBD mAbs
331,N,R,mAb_52,-0.1864,RBD mAbs
331,N,S,mAb_52,-0.0235,RBD mAbs
331,N,T,mAb_52,0.04292,RBD mAbs
331,N,V,mAb_52,-0.001855,RBD mAbs
331,N,W,mAb_52,0.2978,RBD mAbs
331,N,Y,mAb_52,0.007146,RBD mAbs
332,I,A,mAb_52,-0.00144,RBD mAbs
332,I,C,mAb_52,-0.06633,RBD mAbs
332,I,E,mAb_52,0.5415,RBD mAbs
332,I,F,mAb_52,0.2703,RBD mAbs
332,I,G,mAb_52,0.009842,RBD mAbs
332,I,H,mAb_52,-0.00255,RBD mAbs
332,I,K,mAb_52,-0.02152,RBD mAbs
332,I,L,mAb_52,0.1482,RBD mAbs
332,I,M,mAb_52,0.1921,RBD mAbs
332,I,N,mAb_52,0.0003855,RBD mAbs
332,I,Q,mAb_52,-0.0002826,RBD mAbs
332,I,R,mAb_52,0.1404,RBD mAbs
332,I,S,mAb_52,0.001318,RBD mAbs
332,I,T,mAb_52,-0.02444,RBD mAbs
332,I,V,mAb_52,-0.0471,RBD mAbs
332,I,W,mAb_52,0.02668,RBD mAbs
332,I,Y,mAb_52,-0.006461,RBD mAbs
333,T,A,mAb_52,0.02706,RBD mAbs
333,T,C,mAb_52,0.002361,RBD mAbs
333,T,D,mAb_52,0.4839,RBD mAbs
333,T,E,mAb_52,0.03946,RBD mAbs
333,T,F,mAb_52,0.002012,RBD mAbs
333,T,G,mAb_52,0.09027,RBD mAbs
333,T,H,mAb_52,0.001056,RBD mAbs
333,T,I,mAb_52,0.9953,RBD mAbs
333,T,K,mAb_52,0.08033,RBD mAbs
333,T,L,mAb_52,-0.01324,RBD mAbs
333,T,M,mAb_52,0.3187,RBD mAbs
333,T,N,mAb_52,-0.1098,RBD mAbs
333,T,P,mAb_52,-0.05819,RBD mAbs
333,T,Q,mAb_52,0.0008694,RBD mAbs
333,T,R,mAb_52,0.02278,RBD mAbs
333,T,S,mAb_52,0.1833,RBD mAbs
333,T,V,mAb_52,0.008714,RBD mAbs
333,T,W,mAb_52,-0.0126,RBD mAbs
333,T,Y,mAb_52,0.3742,RBD mAbs
334,N,A,mAb_52,-0.07407,RBD mAbs
334,N,C,mAb_52,-0.03301,RBD mAbs
334,N,D,mAb_52,0.2972,RBD mAbs
334,N,E,mAb_52,0.00164,RBD mAbs
334,N,F,mAb_52,0.09867,RBD mAbs
334,N,G,mAb_52,0.003969,RBD mAbs
334,N,H,mAb_52,0.05311,RBD mAbs
334,N,I,mAb_52,0.005965,RBD mAbs
334,N,K,mAb_52,0.765,RBD mAbs
334,N,L,mAb_52,0.02427,RBD mAbs
334,N,M,mAb_52,0.7233,RBD mAbs
334,N,P,mAb_52,-0.005731,RBD mAbs
334,N,Q,mAb_52,0.002443,RBD mAbs
334,N,R,mAb_52,0.06102,RBD mAbs
334,N,S,mAb_52,0.5092,RBD mAbs
334,N,T,mAb_52,0.3116,RBD mAbs
334,N,V,mAb_52,-0.06543,RBD mAbs
334,N,W,mAb_52,0.001072,RBD mAbs
334,N,Y,mAb_52,0.001389,RBD mAbs
335,L,A,mAb_52,0.1763,RBD mAbs
335,L,C,mAb_52,0.1355,RBD mAbs
335,L,D,mAb_52,0.005933,RBD mAbs
335,L,E,mAb_52,0.01011,RBD mAbs
335,L,F,mAb_52,-0.01647,RBD mAbs
335,L,G,mAb_52,0.5004,RBD mAbs
335,L,H,mAb_52,0.472,RBD mAbs
335,L,I,mAb_52,0.007388,RBD mAbs
335,L,K,mAb_52,0.09088,RBD mAbs
335,L,M,mAb_52,0.003631,RBD mAbs
335,L,N,mAb_52,0.1563,RBD mAbs
335,L,P,mAb_52,0.5926,RBD mAbs
335,L,Q,mAb_52,0.7054,RBD mAbs
335,L,R,mAb_52,-0.009506,RBD mAbs
335,L,S,mAb_52,0.344,RBD mAbs
335,L,T,mAb_52,0.001349,RBD mAbs
335,L,V,mAb_52,0.3114,RBD mAbs
335,L,W,mAb_52,0.005646,RBD mAbs
335,L,Y,mAb_52,-0.005879,RBD mAbs
336,C,Y,mAb_52,-0.007617,RBD mAbs
337,P,A,mAb_52,0.003088,RBD mAbs
337,P,C,mAb_52,0.9985,RBD mAbs
337,P,D,mAb_52,0.03316,RBD mAbs
337,P,E,mAb_52,0.0006771,RBD mAbs
337,P,F,mAb_52,0.00704,RBD mAbs
337,P,H,mAb_52,-0.008472,RBD mAbs
337,P,I,mAb_52,-0.1959,RBD mAbs
337,P,K,mAb_52,-0.2315,RBD mAbs
337,P,L,mAb_52,0.09017,RBD mAbs
337,P,M,mAb_52,0.01073,RBD mAbs
337,P,N,mAb_52,0.06444,RBD mAbs
337,P,Q,mAb_52,-0.005249,RBD mAbs
337,P,R,mAb_52,0.007175,RBD mAbs
337,P,S,mAb_52,0.4462,RBD mAbs
337,P,T,mAb_52,0.4244,RBD mAbs
337,P,V,mAb_52,0.3747,RBD mAbs
337,P,Y,mAb_52,0.007555,RBD mAbs
338,F,I,mAb_52,-0.009045,RBD mAbs
338,F,L,mAb_52,-0.0121,RBD mAbs
338,F,M,mAb_52,-0.1204,RBD mAbs
338,F,V,mAb_52,-0.001978,RBD mAbs
338,F,W,mAb_52,-0.002188,RBD mAbs
338,F,Y,mAb_52,0.2239,RBD mAbs
339,H,A,mAb_52,0.1503,RBD mAbs
339,H,C,mAb_52,-0.004164,RBD mAbs
339,H,D,mAb_52,0.2116,RBD mAbs
339,H,E,mAb_52,-0.08612,RBD mAbs
339,H,F,mAb_52,0.006351,RBD mAbs
339,H,G,mAb_52,-0.0009571,RBD mAbs
339,H,I,mAb_52,0.0726,RBD mAbs
339,H,K,mAb_52,-0.1454,RBD mAbs
339,H,L,mAb_52,0.216,RBD mAbs
339,H,M,mAb_52,0.02361,RBD mAbs
339,H,N,mAb_52,0.08082,RBD mAbs
339,H,P,mAb_52,0.03854,RBD mAbs
339,H,Q,mAb_52,-0.1804,RBD mAbs
339,H,R,mAb_52,0.1564,RBD mAbs
339,H,S,mAb_52,-0.009176,RBD mAbs
339,H,T,mAb_52,0.01241,RBD mAbs
339,H,V,mAb_52,-0.0003853,RBD mAbs
339,H,W,mAb_52,-0.0003968,RBD mAbs
339,H,Y,mAb_52,-0.01882,RBD mAbs
340,E,A,mAb_52,-0.04716,RBD mAbs
340,E,C,mAb_52,0.01179,RBD mAbs
340,E,D,mAb_52,-0.02162,RBD mAbs
340,E,F,mAb_52,-0.004803,RBD mAbs
340,E,G,mAb_52,-0.2388,RBD mAbs
340,E,H,mAb_52,-0.002617,RBD mAbs
340,E,I,mAb_52,-0.002651,RBD mAbs
340,E,K,mAb_52,-0.09443,RBD mAbs
340,E,L,mAb_52,-0.007183,RBD mAbs
340,E,M,mAb_52,-0.01833,RBD mAbs
340,E,N,mAb_52,0.08117,RBD mAbs
340,E,P,mAb_52,-0.002997,RBD mAbs
340,E,Q,mAb_52,0.1291,RBD mAbs
340,E,R,mAb_52,-0.001394,RBD mAbs
340,E,S,mAb_52,-0.2733,RBD mAbs
340,E,T,mAb_52,-0.04256,RBD mAbs
340,E,V,mAb_52,0.01671,RBD mAbs
340,E,W,mAb_52,-0.01575,RBD mAbs
340,E,Y,mAb_52,-0.151,RBD mAbs
341,V,A,mAb_52,-0.0589,RBD mAbs
341,V,C,mAb_52,0.004322,RBD mAbs
341,V,D,mAb_52,-0.2122,RBD mAbs
341,V,E,mAb_52,0.06675,RBD mAbs
341,V,F,mAb_52,0.001581,RBD mAbs
341,V,G,mAb_52,-0.003465,RBD mAbs
341,V,H,mAb_52,0.01531,RBD mAbs
341,V,I,mAb_52,-0.0441,RBD mAbs
341,V,L,mAb_52,-0.3977,RBD mAbs
341,V,M,mAb_52,0.0006246,RBD mAbs
341,V,N,mAb_52,0.004598,RBD mAbs
341,V,P,mAb_52,0.009891,RBD mAbs
341,V,Q,mAb_52,0.09291,RBD mAbs
341,V,R,mAb_52,-0.0004978,RBD mAbs
341,V,S,mAb_52,-0.02491,RBD mAbs
341,V,T,mAb_52,-0.02326,RBD mAbs
341,V,W,mAb_52,-0.002432,RBD mAbs
341,V,Y,mAb_52,0.6477,RBD mAbs
342,F,C,mAb_52,0.08864,RBD mAbs
342,F,H,mAb_52,0.0001295,RBD mAbs
342,F,I,mAb_52,0.1017,RBD mAbs
342,F,L,mAb_52,-0.0009558,RBD mAbs
342,F,M,mAb_52,0.003443,RBD mAbs
342,F,T,mAb_52,0.3574,RBD mAbs
342,F,W,mAb_52,-0.01093,RBD mAbs
342,F,Y,mAb_52,0.468,RBD mAbs
343,N,A,mAb_52,-0.0191,RBD mAbs
343,N,C,mAb_52,0.01017,RBD mAbs
343,N,D,mAb_52,0.05799,RBD mAbs
343,N,E,mAb_52,0.0555,RBD mAbs
343,N,F,mAb_52,-0.07761,RBD mAbs
343,N,G,mAb_52,0.005037,RBD mAbs
343,N,H,mAb_52,-0.1246,RBD mAbs
343,N,I,mAb_52,0.01029,RBD mAbs
343,N,K,mAb_52,0.6339,RBD mAbs
343,N,L,mAb_52,0.01673,RBD mAbs
343,N,M,mAb_52,0.604,RBD mAbs
343,N,Q,mAb_52,0.4429,RBD mAbs
343,N,R,mAb_52,0.004745,RBD mAbs
343,N,S,mAb_52,0.4715,RBD mAbs
343,N,T,mAb_52,0.8643,RBD mAbs
343,N,V,mAb_52,-0.004609,RBD mAbs
343,N,W,mAb_52,0.008926,RBD mAbs
343,N,Y,mAb_52,0.6976,RBD mAbs
344,A,-,mAb_52,0.002065,RBD mAbs
344,A,C,mAb_52,0.001665,RBD mAbs
344,A,D,mAb_52,0.3109,RBD mAbs
344,A,E,mAb_52,-2.348e-05,RBD mAbs
344,A,F,mAb_52,-0.02574,RBD mAbs
344,A,G,mAb_52,-0.0006979,RBD mAbs
344,A,H,mAb_52,-0.01274,RBD mAbs
344,A,I,mAb_52,0.004303,RBD mAbs
344,A,K,mAb_52,0.0004903,RBD mAbs
344,A,N,mAb_52,0.09602,RBD mAbs
344,A,P,mAb_52,0.000326,RBD mAbs
344,A,R,mAb_52,0.03823,RBD mAbs
344,A,S,mAb_52,-0.1421,RBD mAbs
344,A,T,mAb_52,0.03079,RBD mAbs
344,A,V,mAb_52,-0.0001736,RBD mAbs
344,A,Y,mAb_52,-0.002144,RBD mAbs
345,T,-,mAb_52,0.04775,RBD mAbs
345,T,A,mAb_52,0.0121,RBD mAbs
345,T,C,mAb_52,-0.05344,RBD mAbs
345,T,D,mAb_52,0.06403,RBD mAbs
345,T,E,mAb_52,0.0007387,RBD mAbs
345,T,F,mAb_52,0.103,RBD mAbs
345,T,G,mAb_52,0.04604,RBD mAbs
345,T,H,mAb_52,0.2816,RBD mAbs
345,T,I,mAb_52,0.0009142,RBD mAbs
345,T,K,mAb_52,-0.001099,RBD mAbs
345,T,L,mAb_52,-0.001566,RBD mAbs
345,T,M,mAb_52,-0.1177,RBD mAbs
345,T,N,mAb_52,-0.1456,RBD mAbs
345,T,P,mAb_52,0.09274,RBD mAbs
345,T,Q,mAb_52,-0.1968,RBD mAbs
345,T,R,mAb_52,0.05537,RBD mAbs
345,T,S,mAb_52,0.139,RBD mAbs
345,T,V,mAb_52,-0.0003997,RBD mAbs
345,T,W,mAb_52,0.002458,RBD mAbs
345,T,Y,mAb_52,-0.05635,RBD mAbs
346,T,A,mAb_52,-0.1522,RBD mAbs
346,T,C,mAb_52,0.001446,RBD mAbs
346,T,D,mAb_52,0.1136,RBD mAbs
346,T,E,mAb_52,0.1568,RBD mAbs
346,T,F,mAb_52,-0.6139,RBD mAbs
346,T,G,mAb_52,0.283,RBD mAbs
346,T,H,mAb_52,0.1011,RBD mAbs
346,T,I,mAb_52,0.1103,RBD mAbs
346,T,K,mAb_52,-0.002154,RBD mAbs
346,T,L,mAb_52,-0.002748,RBD mAbs
346,T,M,mAb_52,0.04939,RBD mAbs
346,T,N,mAb_52,0.2109,RBD mAbs
346,T,P,mAb_52,-0.04573,RBD mAbs
346,T,Q,mAb_52,0.1839,RBD mAbs
346,T,R,mAb_52,0.04621,RBD mAbs
346,T,S,mAb_52,0.05091,RBD mAbs
346,T,V,mAb_52,-0.006625,RBD mAbs
346,T,W,mAb_52,-0.3479,RBD mAbs
346,T,Y,mAb_52,-0.1672,RBD mAbs
347,F,-,mAb_52,0.005411,RBD mAbs
347,F,A,mAb_52,-0.003839,RBD mAbs
347,F,C,mAb_52,0.01773,RBD mAbs
347,F,D,mAb_52,-0.8122,RBD mAbs
347,F,E,mAb_52,-0.00141,RBD mAbs
347,F,G,mAb_52,-0.06284,RBD mAbs
347,F,H,mAb_52,0.05509,RBD mAbs
347,F,I,mAb_52,-0.8048,RBD mAbs
347,F,L,mAb_52,-0.01873,RBD mAbs
347,F,M,mAb_52,0.2723,RBD mAbs
347,F,P,mAb_52,0.0008859,RBD mAbs
347,F,Q,mAb_52,-0.002294,RBD mAbs
347,F,S,mAb_52,-0.003109,RBD mAbs
347,F,T,mAb_52,0.139,RBD mAbs
347,F,V,mAb_52,-0.004769,RBD mAbs
347,F,W,mAb_52,-0.0368,RBD mAbs
347,F,Y,mAb_52,0.0274,RBD mAbs
348,A,-,mAb_52,0.008491,RBD mAbs
348,A,C,mAb_52,-0.01515,RBD mAbs
348,A,D,mAb_52,-0.01392,RBD mAbs
348,A,E,mAb_52,1.178,RBD mAbs
348,A,F,mAb_52,0.1338,RBD mAbs
348,A,G,mAb_52,-0.03811,RBD mAbs
348,A,H,mAb_52,0.0709,RBD mAbs
348,A,I,mAb_52,-0.1364,RBD mAbs
348,A,K,mAb_52,0.001704,RBD mAbs
348,A,L,mAb_52,0.1956,RBD mAbs
348,A,M,mAb_52,0.01483,RBD mAbs
348,A,N,mAb_52,-0.04783,RBD mAbs
348,A,P,mAb_52,0.01386,RBD mAbs
348,A,Q,mAb_52,0.002618,RBD mAbs
348,A,R,mAb_52,0.4036,RBD mAbs
348,A,S,mAb_52,0.04919,RBD mAbs
348,A,T,mAb_52,0.1425,RBD mAbs
348,A,V,mAb_52,-0.02873,RBD mAbs
348,A,W,mAb_52,0.00401,RBD mAbs
348,A,Y,mAb_52,0.5829,RBD mAbs
349,S,A,mAb_52,-0.002222,RBD mAbs
349,S,C,mAb_52,0.0001782,RBD mAbs
349,S,D,mAb_52,-0.001997,RBD mAbs
349,S,E,mAb_52,-0.003004,RBD mAbs
349,S,F,mAb_52,0.002516,RBD mAbs
349,S,G,mAb_52,0.4668,RBD mAbs
349,S,H,mAb_52,0.002166,RBD mAbs
349,S,K,mAb_52,0.0005495,RBD mAbs
349,S,L,mAb_52,0.002613,RBD mAbs
349,S,M,mAb_52,-0.0117,RBD mAbs
349,S,N,mAb_52,0.3483,RBD mAbs
349,S,P,mAb_52,-0.07377,RBD mAbs
349,S,Q,mAb_52,-0.004727,RBD mAbs
349,S,R,mAb_52,0.002545,RBD mAbs
349,S,T,mAb_52,-0.001594,RBD mAbs
349,S,V,mAb_52,0.0006459,RBD mAbs
349,S,Y,mAb_52,0.06013,RBD mAbs
350,V,A,mAb_52,-0.04349,RBD mAbs
350,V,C,mAb_52,-0.005018,RBD mAbs
350,V,I,mAb_52,0.0004362,RBD mAbs
350,V,P,mAb_52,-0.001391,RBD mAbs
350,V,S,mAb_52,0.386,RBD mAbs
350,V,T,mAb_52,0.01911,RBD mAbs
351,Y,A,mAb_52,-0.0007727,RBD mAbs
351,Y,C,mAb_52,-0.0001338,RBD mAbs
351,Y,F,mAb_52,-0.01216,RBD mAbs
351,Y,H,mAb_52,-0.02798,RBD mAbs
351,Y,I,mAb_52,-0.0006914,RBD mAbs
351,Y,L,mAb_52,-0.0003788,RBD mAbs
351,Y,M,mAb_52,-0.002458,RBD mAbs
351,Y,N,mAb_52,-0.1381,RBD mAbs
351,Y,Q,mAb_52,-0.00134,RBD mAbs
351,Y,S,mAb_52,-0.001703,RBD mAbs
351,Y,T,mAb_52,-0.03878,RBD mAbs
351,Y,V,mAb_52,-0.0004328,RBD mAbs
351,Y,W,mAb_52,0.0003099,RBD mAbs
352,A,C,mAb_52,0.1376,RBD mAbs
352,A,D,mAb_52,-0.05447,RBD mAbs
352,A,E,mAb_52,0.08216,RBD mAbs
352,A,F,mAb_52,0.01283,RBD mAbs
352,A,G,mAb_52,0.03397,RBD mAbs
352,A,H,mAb_52,0.0006376,RBD mAbs
352,A,I,mAb_52,-0.01823,RBD mAbs
352,A,K,mAb_52,0.4194,RBD mAbs
352,A,L,mAb_52,-0.004769,RBD mAbs
352,A,M,mAb_52,0.002674,RBD mAbs
352,A,N,mAb_52,0.5199,RBD mAbs
352,A,P,mAb_52,0.8288,RBD mAbs
352,A,Q,mAb_52,-0.08207,RBD mAbs
352,A,R,mAb_52,0.001349,RBD mAbs
352,A,S,mAb_52,-0.3617,RBD mAbs
352,A,T,mAb_52,0.05533,RBD mAbs
352,A,V,mAb_52,0.033,RBD mAbs
352,A,W,mAb_52,-0.02051,RBD mAbs
352,A,Y,mAb_52,0.03367,RBD mAbs
353,W,C,mAb_52,0.0009589,RBD mAbs
353,W,F,mAb_52,-0.002444,RBD mAbs
353,W,H,mAb_52,5.873e-05,RBD mAbs
353,W,P,mAb_52,0.0007242,RBD mAbs
354,N,A,mAb_52,-0.0004637,RBD mAbs
354,N,C,mAb_52,0.07038,RBD mAbs
354,N,D,mAb_52,0.01962,RBD mAbs
354,N,E,mAb_52,-0.001192,RBD mAbs
354,N,F,mAb_52,-0.02681,RBD mAbs
354,N,H,mAb_52,-0.04378,RBD mAbs
354,N,I,mAb_52,0.0005689,RBD mAbs
354,N,K,mAb_52,0.001149,RBD mAbs
354,N,L,mAb_52,-0.001118,RBD mAbs
354,N,M,mAb_52,0.009199,RBD mAbs
354,N,P,mAb_52,-0.0003828,RBD mAbs
354,N,Q,mAb_52,-0.00286,RBD mAbs
354,N,R,mAb_52,-0.2863,RBD mAbs
354,N,S,mAb_52,-0.001897,RBD mAbs
354,N,T,mAb_52,-0.009451,RBD mAbs
354,N,V,mAb_52,-0.0004639,RBD mAbs
354,N,Y,mAb_52,0.07871,RBD mAbs
355,R,G,mAb_52,0.001044,RBD mAbs
355,R,H,mAb_52,0.0008007,RBD mAbs
355,R,K,mAb_52,0.003807,RBD mAbs
355,R,M,mAb_52,0.0001104,RBD mAbs
355,R,N,mAb_52,0.0004183,RBD mAbs
355,R,Q,mAb_52,0.006518,RBD mAbs
355,R,S,mAb_52,0.008344,RBD mAbs
355,R,T,mAb_52,0.234,RBD mAbs
356,K,A,mAb_52,-0.001044,RBD mAbs
356,K,C,mAb_52,-0.09616,RBD mAbs
356,K,D,mAb_52,0.02917,RBD mAbs
356,K,E,mAb_52,0.07707,RBD mAbs
356,K,F,mAb_52,-0.002121,RBD mAbs
356,K,G,mAb_52,-0.0004739,RBD mAbs
356,K,H,mAb_52,0.0003844,RBD mAbs
356,K,I,mAb_52,0.269,RBD mAbs
356,K,L,mAb_52,-0.01541,RBD mAbs
356,K,M,mAb_52,-0.0262,RBD mAbs
356,K,N,mAb_52,-0.1097,RBD mAbs
356,K,Q,mAb_52,0.02037,RBD mAbs
356,K,R,mAb_52,-0.09135,RBD mAbs
356,K,S,mAb_52,0.01791,RBD mAbs
356,K,T,mAb_52,0.2743,RBD mAbs
356,K,V,mAb_52,-0.08131,RBD mAbs
356,K,W,mAb_52,0.2309,RBD mAbs
356,K,Y,mAb_52,-0.01608,RBD mAbs
357,R,C,mAb_52,0.002871,RBD mAbs
357,R,D,mAb_52,0.001794,RBD mAbs
357,R,E,mAb_52,0.5584,RBD mAbs
357,R,F,mAb_52,0.006819,RBD mAbs
357,R,G,mAb_52,0.02682,RBD mAbs
357,R,H,mAb_52,0.131,RBD mAbs
357,R,I,mAb_52,0.1731,RBD mAbs
357,R,K,mAb_52,0.487,RBD mAbs
357,R,L,mAb_52,0.1642,RBD mAbs
357,R,M,mAb_52,-0.0008643,RBD mAbs
357,R,N,mAb_52,0.001438,RBD mAbs
357,R,P,mAb_52,0.002579,RBD mAbs
357,R,Q,mAb_52,0.01996,RBD mAbs
357,R,S,mAb_52,0.03296,RBD mAbs
357,R,T,mAb_52,0.1145,RBD mAbs
357,R,V,mAb_52,0.7317,RBD mAbs
357,R,W,mAb_52,0.03888,RBD mAbs
357,R,Y,mAb_52,0.3576,RBD mAbs
358,I,F,mAb_52,0.121,RBD mAbs
358,I,H,mAb_52,0.0001904,RBD mAbs
358,I,L,mAb_52,-0.08144,RBD mAbs
358,I,M,mAb_52,0.3075,RBD mAbs
358,I,N,mAb_52,0.008241,RBD mAbs
358,I,T,mAb_52,0.04328,RBD mAbs
358,I,V,mAb_52,-0.0004098,RBD mAbs
358,I,W,mAb_52,-0.007776,RBD mAbs
358,I,Y,mAb_52,0.0007872,RBD mAbs
359,S,A,mAb_52,0.2225,RBD mAbs
359,S,C,mAb_52,0.5027,RBD mAbs
359,S,D,mAb_52,0.6453,RBD mAbs
359,S,E,mAb_52,0.3181,RBD mAbs
359,S,F,mAb_52,0.1857,RBD mAbs
359,S,G,mAb_52,-0.01592,RBD mAbs
359,S,H,mAb_52,0.001639,RBD mAbs
359,S,I,mAb_52,-0.1429,RBD mAbs
359,S,K,mAb_52,0.2037,RBD mAbs
359,S,L,mAb_52,-0.0005545,RBD mAbs
359,S,M,mAb_52,-0.00144,RBD mAbs
359,S,N,mAb_52,-0.0254,RBD mAbs
359,S,P,mAb_52,-0.1023,RBD mAbs
359,S,Q,mAb_52,-0.005027,RBD mAbs
359,S,R,mAb_52,0.2114,RBD mAbs
359,S,T,mAb_52,-0.1354,RBD mAbs
359,S,V,mAb_52,0.1207,RBD mAbs
359,S,W,mAb_52,-0.007589,RBD mAbs
359,S,Y,mAb_52,-8.591e-06,RBD mAbs
360,N,A,mAb_52,-0.07151,RBD mAbs
360,N,C,mAb_52,0.1099,RBD mAbs
360,N,D,mAb_52,0.0348,RBD mAbs
360,N,E,mAb_52,0.1997,RBD mAbs
360,N,F,mAb_52,-0.02012,RBD mAbs
360,N,G,mAb_52,-0.003851,RBD mAbs
360,N,H,mAb_52,-0.000791,RBD mAbs
360,N,I,mAb_52,-0.01148,RBD mAbs
360,N,K,mAb_52,0.2783,RBD mAbs
360,N,L,mAb_52,-0.001061,RBD mAbs
360,N,M,mAb_52,-0.01157,RBD mAbs
360,N,P,mAb_52,-0.0002354,RBD mAbs
360,N,Q,mAb_52,-0.000318,RBD mAbs
360,N,R,mAb_52,-0.004329,RBD mAbs
360,N,S,mAb_52,0.04567,RBD mAbs
360,N,T,mAb_52,0.2594,RBD mAbs
360,N,V,mAb_52,-0.3114,RBD mAbs
360,N,W,mAb_52,-0.00724,RBD mAbs
360,N,Y,mAb_52,-0.07319,RBD mAbs
361,C,N,mAb_52,-0.8706,RBD mAbs
361,C,W,mAb_52,-0.08881,RBD mAbs
361,C,Y,mAb_52,0.1295,RBD mAbs
362,V,A,mAb_52,-0.01765,RBD mAbs
362,V,C,mAb_52,-0.0597,RBD mAbs
362,V,E,mAb_52,-0.001146,RBD mAbs
362,V,F,mAb_52,-0.0004178,RBD mAbs
362,V,G,mAb_52,0.005572,RBD mAbs
362,V,H,mAb_52,-0.03231,RBD mAbs
362,V,I,mAb_52,-0.002777,RBD mAbs
362,V,K,mAb_52,-0.0004803,RBD mAbs
362,V,L,mAb_52,0.1155,RBD mAbs
362,V,M,mAb_52,0.04251,RBD mAbs
362,V,N,mAb_52,0.0006895,RBD mAbs
362,V,Q,mAb_52,6.709e-05,RBD mAbs
362,V,R,mAb_52,0.1023,RBD mAbs
362,V,S,mAb_52,-0.002433,RBD mAbs
362,V,T,mAb_52,-0.02618,RBD mAbs
362,V,W,mAb_52,-0.002814,RBD mAbs
362,V,Y,mAb_52,0.4257,RBD mAbs
363,A,C,mAb_52,0.02977,RBD mAbs
363,A,D,mAb_52,0.004901,RBD mAbs
363,A,E,mAb_52,0.0165,RBD mAbs
363,A,F,mAb_52,0.00195,RBD mAbs
363,A,G,mAb_52,0.08804,RBD mAbs
363,A,H,mAb_52,0.002249,RBD mAbs
363,A,I,mAb_52,0.5545,RBD mAbs
363,A,L,mAb_52,-0.02846,RBD mAbs
363,A,M,mAb_52,0.3511,RBD mAbs
363,A,N,mAb_52,0.0291,RBD mAbs
363,A,Q,mAb_52,-0.1353,RBD mAbs
363,A,S,mAb_52,0.01531,RBD mAbs
363,A,T,mAb_52,0.2664,RBD mAbs
363,A,V,mAb_52,-0.1176,RBD mAbs
363,A,W,mAb_52,-0.00107,RBD mAbs
363,A,Y,mAb_52,0.06198,RBD mAbs
364,D,A,mAb_52,0.3345,RBD mAbs
364,D,C,mAb_52,0.3195,RBD mAbs
364,D,E,mAb_52,-0.2927,RBD mAbs
364,D,F,mAb_52,0.3028,RBD mAbs
364,D,G,mAb_52,0.004681,RBD mAbs
364,D,H,mAb_52,0.1627,RBD mAbs
364,D,I,mAb_52,0.3778,RBD mAbs
364,D,K,mAb_52,0.3348,RBD mAbs
364,D,L,mAb_52,0.01294,RBD mAbs
364,D,M,mAb_52,0.1249,RBD mAbs
364,D,N,mAb_52,-0.07458,RBD mAbs
364,D,P,mAb_52,-0.000643,RBD mAbs
364,D,Q,mAb_52,0.001095,RBD mAbs
364,D,R,mAb_52,-0.09719,RBD mAbs
364,D,S,mAb_52,0.03377,RBD mAbs
364,D,T,mAb_52,0.4393,RBD mAbs
364,D,V,mAb_52,0.001834,RBD mAbs
364,D,W,mAb_52,0.06992,RBD mAbs
364,D,Y,mAb_52,-0.00774,RBD mAbs
365,Y,C,mAb_52,-0.05541,RBD mAbs
365,Y,D,mAb_52,0.00222,RBD mAbs
365,Y,E,mAb_52,0.003251,RBD mAbs
365,Y,F,mAb_52,-0.4246,RBD mAbs
365,Y,G,mAb_52,0.002058,RBD mAbs
365,Y,H,mAb_52,0.4949,RBD mAbs
365,Y,I,mAb_52,-0.04449,RBD mAbs
365,Y,K,mAb_52,-0.01052,RBD mAbs
365,Y,L,mAb_52,0.004224,RBD mAbs
365,Y,M,mAb_52,-0.01439,RBD mAbs
365,Y,N,mAb_52,0.4944,RBD mAbs
365,Y,P,mAb_52,-0.195,RBD mAbs
365,Y,Q,mAb_52,0.0005315,RBD mAbs
365,Y,R,mAb_52,0.4137,RBD mAbs
365,Y,S,mAb_52,0.05085,RBD mAbs
365,Y,T,mAb_52,0.2064,RBD mAbs
365,Y,V,mAb_52,1.174,RBD mAbs
365,Y,W,mAb_52,0.0029,RBD mAbs
366,S,A,mAb_52,-0.1802,RBD mAbs
366,S,C,mAb_52,0.004537,RBD mAbs
366,S,D,mAb_52,-0.08908,RBD mAbs
366,S,E,mAb_52,0.003357,RBD mAbs
366,S,F,mAb_52,-0.004501,RBD mAbs
366,S,G,mAb_52,8.601e-05,RBD mAbs
366,S,H,mAb_52,-0.008799,RBD mAbs
366,S,I,mAb_52,0.008028,RBD mAbs
366,S,K,mAb_52,0.1,RBD mAbs
366,S,L,mAb_52,-0.004163,RBD mAbs
366,S,M,mAb_52,1.931e-07,RBD mAbs
366,S,N,mAb_52,1.094,RBD mAbs
366,S,P,mAb_52,-0.09105,RBD mAbs
366,S,Q,mAb_52,0.4484,RBD mAbs
366,S,R,mAb_52,0.1857,RBD mAbs
366,S,T,mAb_52,0.05002,RBD mAbs
366,S,V,mAb_52,0.002223,RBD mAbs
366,S,W,mAb_52,1.221,RBD mAbs
366,S,Y,mAb_52,0.03905,RBD mAbs
367,V,A,mAb_52,0.5353,RBD mAbs
367,V,C,mAb_52,0.396,RBD mAbs
367,V,D,mAb_52,0.01525,RBD mAbs
367,V,E,mAb_52,-0.3498,RBD mAbs
367,V,F,mAb_52,0.3418,RBD mAbs
367,V,G,mAb_52,-0.00573,RBD mAbs
367,V,H,mAb_52,-0.0005654,RBD mAbs
367,V,I,mAb_52,-0.01965,RBD mAbs
367,V,K,mAb_52,0.3694,RBD mAbs
367,V,L,mAb_52,-0.02608,RBD mAbs
367,V,M,mAb_52,0.1164,RBD mAbs
367,V,N,mAb_52,-0.1168,RBD mAbs
367,V,P,mAb_52,-0.01703,RBD mAbs
367,V,Q,mAb_52,0.4744,RBD mAbs
367,V,R,mAb_52,-0.01444,RBD mAbs
367,V,T,mAb_52,0.002858,RBD mAbs
367,V,W,mAb_52,-0.1462,RBD mAbs
367,V,Y,mAb_52,-0.3052,RBD mAbs
368,I,A,mAb_52,-0.1792,RBD mAbs
368,I,C,mAb_52,0.115,RBD mAbs
368,I,D,mAb_52,0.01784,RBD mAbs
368,I,E,mAb_52,0.004906,RBD mAbs
368,I,F,mAb_52,0.5638,RBD mAbs
368,I,G,mAb_52,0.003237,RBD mAbs
368,I,H,mAb_52,-0.08355,RBD mAbs
368,I,K,mAb_52,0.5111,RBD mAbs
368,I,L,mAb_52,-0.07003,RBD mAbs
368,I,M,mAb_52,0.41,RBD mAbs
368,I,N,mAb_52,0.02347,RBD mAbs
368,I,P,mAb_52,0.374,RBD mAbs
368,I,Q,mAb_52,0.006578,RBD mAbs
368,I,R,mAb_52,-0.1514,RBD mAbs
368,I,S,mAb_52,-0.04366,RBD mAbs
368,I,T,mAb_52,0.3661,RBD mAbs
368,I,V,mAb_52,0.6085,RBD mAbs
368,I,W,mAb_52,-0.002278,RBD mAbs
368,I,Y,mAb_52,0.3646,RBD mAbs
369,Y,A,mAb_52,-2.08,RBD mAbs
369,Y,C,mAb_52,0.02801,RBD mAbs
369,Y,D,mAb_52,-0.03829,RBD mAbs
369,Y,E,mAb_52,-1.176,RBD mAbs
369,Y,F,mAb_52,0.4648,RBD mAbs
369,Y,G,mAb_52,0.4148,RBD mAbs
369,Y,H,mAb_52,-0.1871,RBD mAbs
369,Y,I,mAb_52,0.3053,RBD mAbs
369,Y,K,mAb_52,-0.02673,RBD mAbs
369,Y,L,mAb_52,-0.0295,RBD mAbs
369,Y,M,mAb_52,-0.01726,RBD mAbs
369,Y,N,mAb_52,-0.3938,RBD mAbs
369,Y,P,mAb_52,-0.1712,RBD mAbs
369,Y,Q,mAb_52,-0.1427,RBD mAbs
369,Y,R,mAb_52,0.3827,RBD mAbs
369,Y,S,mAb_52,-0.06555,RBD mAbs
369,Y,T,mAb_52,-0.01254,RBD mAbs
369,Y,V,mAb_52,0.1943,RBD mAbs
369,Y,W,mAb_52,-0.009814,RBD mAbs
370,N,A,mAb_52,0.2019,RBD mAbs
370,N,C,mAb_52,-0.2479,RBD mAbs
370,N,D,mAb_52,0.2897,RBD mAbs
370,N,E,mAb_52,-0.007168,RBD mAbs
370,N,F,mAb_52,-0.2228,RBD mAbs
370,N,G,mAb_52,-0.008896,RBD mAbs
370,N,H,mAb_52,0.2523,RBD mAbs
370,N,I,mAb_52,-0.05709,RBD mAbs
370,N,K,mAb_52,0.6881,RBD mAbs
370,N,L,mAb_52,-0.01761,RBD mAbs
370,N,M,mAb_52,0.002243,RBD mAbs
370,N,P,mAb_52,-0.7665,RBD mAbs
370,N,Q,mAb_52,-0.1462,RBD mAbs
370,N,R,mAb_52,-0.0258,RBD mAbs
370,N,S,mAb_52,-0.003028,RBD mAbs
370,N,T,mAb_52,-0.01856,RBD mAbs
370,N,V,mAb_52,-0.05328,RBD mAbs
370,N,W,mAb_52,0.07506,RBD mAbs
370,N,Y,mAb_52,0.3983,RBD mAbs
371,F,A,mAb_52,0.004132,RBD mAbs
371,F,C,mAb_52,-0.09066,RBD mAbs
371,F,D,mAb_52,-0.07375,RBD mAbs
371,F,E,mAb_52,-0.01115,RBD mAbs
371,F,G,mAb_52,0.6594,RBD mAbs
371,F,H,mAb_52,-0.05382,RBD mAbs
371,F,I,mAb_52,1.039,RBD mAbs
371,F,K,mAb_52,0.4759,RBD mAbs
371,F,M,mAb_52,0.6971,RBD mAbs
371,F,N,mAb_52,-0.2222,RBD mAbs
371,F,P,mAb_52,0.0951,RBD mAbs
371,F,Q,mAb_52,0.002423,RBD mAbs
371,F,R,mAb_52,-0.01537,RBD mAbs
371,F,S,mAb_52,0.4374,RBD mAbs
371,F,T,mAb_52,-0.0062,RBD mAbs
371,F,V,mAb_52,0.006892,RBD mAbs
371,F,W,mAb_52,-0.1032,RBD mAbs
371,F,Y,mAb_52,-0.03377,RBD mAbs
372,A,C,mAb_52,0.2662,RBD mAbs
372,A,D,mAb_52,-0.2191,RBD mAbs
372,A,E,mAb_52,-0.004218,RBD mAbs
372,A,F,mAb_52,0.3179,RBD mAbs
372,A,G,mAb_52,0.4345,RBD mAbs
372,A,H,mAb_52,0.05122,RBD mAbs
372,A,I,mAb_52,-0.08818,RBD mAbs
372,A,K,mAb_52,0.2196,RBD mAbs
372,A,L,mAb_52,-0.01801,RBD mAbs
372,A,M,mAb_52,-0.01543,RBD mAbs
372,A,N,mAb_52,-0.1287,RBD mAbs
372,A,P,mAb_52,-0.01475,RBD mAbs
372,A,Q,mAb_52,-0.02759,RBD mAbs
372,A,R,mAb_52,-0.001599,RBD mAbs
372,A,S,mAb_52,-0.4491,RBD mAbs
372,A,T,mAb_52,-0.4566,RBD mAbs
372,A,V,mAb_52,-0.003424,RBD mAbs
372,A,W,mAb_52,-0.02189,RBD mAbs
372,A,Y,mAb_52,0.1142,RBD mAbs
373,P,A,mAb_52,0.0002226,RBD mAbs
373,P,C,mAb_52,0.002553,RBD mAbs
373,P,D,mAb_52,0.17,RBD mAbs
373,P,E,mAb_52,0.001297,RBD mAbs
373,P,F,mAb_52,0.4546,RBD mAbs
373,P,G,mAb_52,-0.01303,RBD mAbs
373,P,H,mAb_52,-0.5862,RBD mAbs
373,P,I,mAb_52,0.08818,RBD mAbs
373,P,K,mAb_52,-0.1105,RBD mAbs
373,P,L,mAb_52,-0.003921,RBD mAbs
373,P,M,mAb_52,-0.004306,RBD mAbs
373,P,N,mAb_52,-0.01029,RBD mAbs
373,P,Q,mAb_52,-0.06016,RBD mAbs
373,P,R,mAb_52,-0.4381,RBD mAbs
373,P,S,mAb_52,0.5673,RBD mAbs
373,P,T,mAb_52,-0.0348,RBD mAbs
373,P,V,mAb_52,-0.01444,RBD mAbs
373,P,W,mAb_52,0.04112,RBD mAbs
373,P,Y,mAb_52,-0.002536,RBD mAbs
374,F,A,mAb_52,-0.1327,RBD mAbs
374,F,C,mAb_52,0.5229,RBD mAbs
374,F,D,mAb_52,-0.04396,RBD mAbs
374,F,E,mAb_52,-0.02014,RBD mAbs
374,F,G,mAb_52,-0.001497,RBD mAbs
374,F,H,mAb_52,-0.3079,RBD mAbs
374,F,I,mAb_52,0.521,RBD mAbs
374,F,K,mAb_52,-0.06822,RBD mAbs
374,F,L,mAb_52,0.05035,RBD mAbs
374,F,M,mAb_52,-0.05845,RBD mAbs
374,F,N,mAb_52,-0.6421,RBD mAbs
374,F,P,mAb_52,-0.4694,RBD mAbs
374,F,Q,mAb_52,0.508,RBD mAbs
374,F,R,mAb_52,-0.001164,RBD mAbs
374,F,S,mAb_52,0.01701,RBD mAbs
374,F,T,mAb_52,0.05073,RBD mAbs
374,F,V,mAb_52,-0.003834,RBD mAbs
374,F,W,mAb_52,0.2423,RBD mAbs
374,F,Y,mAb_52,-0.3421,RBD mAbs
375,F,A,mAb_52,-0.7095,RBD mAbs
375,F,C,mAb_52,0.4951,RBD mAbs
375,F,D,mAb_52,-0.006714,RBD mAbs
375,F,E,mAb_52,-0.1037,RBD mAbs
375,F,G,mAb_52,0.1307,RBD mAbs
375,F,H,mAb_52,-0.1837,RBD mAbs
375,F,I,mAb_52,0.4746,RBD mAbs
375,F,K,mAb_52,-0.001876,RBD mAbs
375,F,L,mAb_52,0.03597,RBD mAbs
375,F,M,mAb_52,0.01632,RBD mAbs
375,F,N,mAb_52,-0.1232,RBD mAbs
375,F,P,mAb_52,-0.4916,RBD mAbs
375,F,Q,mAb_52,0.2796,RBD mAbs
375,F,R,mAb_52,0.5617,RBD mAbs
375,F,S,mAb_52,-0.01742,RBD mAbs
375,F,T,mAb_52,-0.003367,RBD mAbs
375,F,V,mAb_52,-0.1851,RBD mAbs
375,F,W,mAb_52,0.5022,RBD mAbs
375,F,Y,mAb_52,-0.1214,RBD mAbs
376,A,C,mAb_52,-0.0713,RBD mAbs
376,A,D,mAb_52,0.4062,RBD mAbs
376,A,E,mAb_52,-0.00616,RBD mAbs
376,A,F,mAb_52,0.1926,RBD mAbs
376,A,G,mAb_52,0.1738,RBD mAbs
376,A,H,mAb_52,0.003342,RBD mAbs
376,A,I,mAb_52,0.09915,RBD mAbs
376,A,K,mAb_52,-0.5788,RBD mAbs
376,A,L,mAb_52,-0.0004255,RBD mAbs
376,A,M,mAb_52,-0.008094,RBD mAbs
376,A,N,mAb_52,-0.004138,RBD mAbs
376,A,P,mAb_52,-0.008017,RBD mAbs
376,A,Q,mAb_52,-0.018,RBD mAbs
376,A,R,mAb_52,0.2117,RBD mAbs
376,A,S,mAb_52,-0.1921,RBD mAbs
376,A,T,mAb_52,0.2688,RBD mAbs
376,A,V,mAb_52,-0.3691,RBD mAbs
376,A,W,mAb_52,0.02525,RBD mAbs
376,A,Y,mAb_52,0.687,RBD mAbs
377,F,A,mAb_52,0.005831,RBD mAbs
377,F,C,mAb_52,0.008633,RBD mAbs
377,F,D,mAb_52,0.3393,RBD mAbs
377,F,E,mAb_52,0.002013,RBD mAbs
377,F,G,mAb_52,-0.3205,RBD mAbs
377,F,H,mAb_52,0.002305,RBD mAbs
377,F,I,mAb_52,0.02471,RBD mAbs
377,F,K,mAb_52,0.004194,RBD mAbs
377,F,L,mAb_52,0.0008629,RBD mAbs
377,F,N,mAb_52,0.3197,RBD mAbs
377,F,P,mAb_52,0.1196,RBD mAbs
377,F,S,mAb_52,-0.09049,RBD mAbs
377,F,T,mAb_52,0.00171,RBD mAbs
377,F,V,mAb_52,0.002635,RBD mAbs
377,F,W,mAb_52,-0.01661,RBD mAbs
377,F,Y,mAb_52,0.05492,RBD mAbs
378,K,D,mAb_52,-0.000194,RBD mAbs
378,K,E,mAb_52,-0.06334,RBD mAbs
378,K,F,mAb_52,-0.04173,RBD mAbs
378,K,H,mAb_52,0.1982,RBD mAbs
378,K,I,mAb_52,0.006455,RBD mAbs
378,K,L,mAb_52,-0.006352,RBD mAbs
378,K,M,mAb_52,0.2539,RBD mAbs
378,K,N,mAb_52,0.1476,RBD mAbs
378,K,P,mAb_52,0.00428,RBD mAbs
378,K,Q,mAb_52,-0.1558,RBD mAbs
378,K,R,mAb_52,-0.0225,RBD mAbs
378,K,S,mAb_52,-0.001079,RBD mAbs
378,K,T,mAb_52,-0.3379,RBD mAbs
378,K,V,mAb_52,-0.002742,RBD mAbs
378,K,W,mAb_52,-0.05122,RBD mAbs
378,K,Y,mAb_52,-0.0403,RBD mAbs
379,C,F,mAb_52,0.001918,RBD mAbs
379,C,R,mAb_52,-0.000938,RBD mAbs
379,C,S,mAb_52,-0.003697,RBD mAbs
379,C,W,mAb_52,-0.02376,RBD mAbs
379,C,Y,mAb_52,-0.2026,RBD mAbs
380,Y,A,mAb_52,4.477e-05,RBD mAbs
380,Y,C,mAb_52,0.001088,RBD mAbs
380,Y,D,mAb_52,-0.01059,RBD mAbs
380,Y,E,mAb_52,-0.0001852,RBD mAbs
380,Y,F,mAb_52,-0.1071,RBD mAbs
380,Y,H,mAb_52,0.003361,RBD mAbs
380,Y,I,mAb_52,-0.03006,RBD mAbs
380,Y,K,mAb_52,-0.0006847,RBD mAbs
380,Y,L,mAb_52,0.03276,RBD mAbs
380,Y,M,mAb_52,0.008551,RBD mAbs
380,Y,N,mAb_52,0.08578,RBD mAbs
380,Y,Q,mAb_52,0.0001566,RBD mAbs
380,Y,R,mAb_52,0.0009552,RBD mAbs
380,Y,S,mAb_52,-0.03612,RBD mAbs
380,Y,T,mAb_52,-0.001221,RBD mAbs
380,Y,V,mAb_52,0.0003787,RBD mAbs
380,Y,W,mAb_52,-0.004699,RBD mAbs
381,G,A,mAb_52,-0.0293,RBD mAbs
381,G,C,mAb_52,0.128,RBD mAbs
381,G,D,mAb_52,-0.00103,RBD mAbs
381,G,E,mAb_52,-0.004907,RBD mAbs
381,G,F,mAb_52,-0.1033,RBD mAbs
381,G,H,mAb_52,-0.04249,RBD mAbs
381,G,K,mAb_52,0.001688,RBD mAbs
381,G,L,mAb_52,-0.04037,RBD mAbs
381,G,M,mAb_52,0.01148,RBD mAbs
381,G,N,mAb_52,-0.002607,RBD mAbs
381,G,Q,mAb_52,-0.005659,RBD mAbs
381,G,R,mAb_52,0.01186,RBD mAbs
381,G,S,mAb_52,-0.00539,RBD mAbs
381,G,T,mAb_52,-0.003193,RBD mAbs
381,G,V,mAb_52,0.0005076,RBD mAbs
381,G,W,mAb_52,-0.001352,RBD mAbs
381,G,Y,mAb_52,0.0002885,RBD mAbs
382,V,A,mAb_52,0.04015,RBD mAbs
382,V,C,mAb_52,-0.06238,RBD mAbs
382,V,F,mAb_52,-0.01204,RBD mAbs
382,V,I,mAb_52,0.2049,RBD mAbs
382,V,K,mAb_52,0.00235,RBD mAbs
382,V,L,mAb_52,-0.0502,RBD mAbs
382,V,M,mAb_52,-0.005817,RBD mAbs
382,V,Y,mAb_52,-0.205,RBD mAbs
383,S,A,mAb_52,-0.04427,RBD mAbs
383,S,C,mAb_52,-0.004116,RBD mAbs
383,S,F,mAb_52,0.01539,RBD mAbs
383,S,G,mAb_52,0.1526,RBD mAbs
383,S,H,mAb_52,-0.2928,RBD mAbs
383,S,N,mAb_52,0.03076,RBD mAbs
383,S,T,mAb_52,-0.03035,RBD mAbs
383,S,Y,mAb_52,0.002044,RBD mAbs
384,P,A,mAb_52,-0.1608,RBD mAbs
384,P,C,mAb_52,-0.4993,RBD mAbs
384,P,D,mAb_52,-0.003121,RBD mAbs
384,P,E,mAb_52,-0.004459,RBD mAbs
384,P,F,mAb_52,-0.004292,RBD mAbs
384,P,G,mAb_52,-0.003141,RBD mAbs
384,P,H,mAb_52,-0.002155,RBD mAbs
384,P,I,mAb_52,-0.003261,RBD mAbs
384,P,K,mAb_52,0.09889,RBD mAbs
384,P,L,mAb_52,-0.1885,RBD mAbs
384,P,M,mAb_52,-0.01212,RBD mAbs
384,P,N,mAb_52,-0.005462,RBD mAbs
384,P,Q,mAb_52,-0.1323,RBD mAbs
384,P,R,mAb_52,0.08223,RBD mAbs
384,P,S,mAb_52,-0.8104,RBD mAbs
384,P,T,mAb_52,0.0007418,RBD mAbs
384,P,V,mAb_52,0.001419,RBD mAbs
384,P,W,mAb_52,-0.1889,RBD mAbs
384,P,Y,mAb_52,-0.06445,RBD mAbs
385,T,A,mAb_52,0.03767,RBD mAbs
385,T,C,mAb_52,-1.986e-06,RBD mAbs
385,T,D,mAb_52,0.3543,RBD mAbs
385,T,E,mAb_52,-0.001635,RBD mAbs
385,T,F,mAb_52,-0.5936,RBD mAbs
385,T,G,mAb_52,0.1537,RBD mAbs
385,T,H,mAb_52,-0.02655,RBD mAbs
385,T,I,mAb_52,0.08317,RBD mAbs
385,T,K,mAb_52,-0.0456,RBD mAbs
385,T,L,mAb_52,-0.04673,RBD mAbs
385,T,M,mAb_52,-0.1421,RBD mAbs
385,T,N,mAb_52,0.1592,RBD mAbs
385,T,P,mAb_52,0.02735,RBD mAbs
385,T,Q,mAb_52,-0.007864,RBD mAbs
385,T,R,mAb_52,0.0805,RBD mAbs
385,T,S,mAb_52,0.0005493,RBD mAbs
385,T,V,mAb_52,-0.005251,RBD mAbs
385,T,W,mAb_52,-0.3502,RBD mAbs
385,T,Y,mAb_52,0.001768,RBD mAbs
386,K,C,mAb_52,-0.002783,RBD mAbs
386,K,H,mAb_52,0.0004921,RBD mAbs
386,K,I,mAb_52,-0.001205,RBD mAbs
386,K,N,mAb_52,-0.4701,RBD mAbs
386,K,R,mAb_52,-0.1966,RBD mAbs
387,L,C,mAb_52,-0.07593,RBD mAbs
387,L,E,mAb_52,0.01137,RBD mAbs
387,L,F,mAb_52,-0.1444,RBD mAbs
387,L,H,mAb_52,0.0005502,RBD mAbs
387,L,I,mAb_52,-0.006668,RBD mAbs
387,L,K,mAb_52,0.1263,RBD mAbs
387,L,M,mAb_52,0.3685,RBD mAbs
387,L,Q,mAb_52,0.006643,RBD mAbs
387,L,V,mAb_52,0.004411,RBD mAbs
387,L,W,mAb_52,-0.002857,RBD mAbs
387,L,Y,mAb_52,-0.005891,RBD mAbs
388,N,A,mAb_52,-0.004908,RBD mAbs
388,N,C,mAb_52,-0.04808,RBD mAbs
388,N,D,mAb_52,-0.09007,RBD mAbs
388,N,E,mAb_52,-0.0138,RBD mAbs
388,N,F,mAb_52,-0.09688,RBD mAbs
388,N,G,mAb_52,0.2601,RBD mAbs
388,N,H,mAb_52,-0.06823,RBD mAbs
388,N,I,mAb_52,-0.2555,RBD mAbs
388,N,K,mAb_52,-0.004706,RBD mAbs
388,N,L,mAb_52,-0.01601,RBD mAbs
388,N,M,mAb_52,-0.08573,RBD mAbs
388,N,P,mAb_52,-0.0119,RBD mAbs
388,N,Q,mAb_52,0.01538,RBD mAbs
388,N,R,mAb_52,-0.1413,RBD mAbs
388,N,S,mAb_52,-0.02957,RBD mAbs
388,N,T,mAb_52,-0.1018,RBD mAbs
388,N,V,mAb_52,-0.0745,RBD mAbs
388,N,W,mAb_52,-0.00184,RBD mAbs
388,N,Y,mAb_52,-0.007406,RBD mAbs
389,D,A,mAb_52,-0.05193,RBD mAbs
389,D,C,mAb_52,-0.2185,RBD mAbs
389,D,E,mAb_52,-0.03563,RBD mAbs
389,D,F,mAb_52,-0.1029,RBD mAbs
389,D,G,mAb_52,0.03265,RBD mAbs
389,D,H,mAb_52,0.7932,RBD mAbs
389,D,I,mAb_52,-0.1139,RBD mAbs
389,D,L,mAb_52,-0.001193,RBD mAbs
389,D,M,mAb_52,-0.05438,RBD mAbs
389,D,N,mAb_52,0.1775,RBD mAbs
389,D,Q,mAb_52,-0.0009618,RBD mAbs
389,D,R,mAb_52,0.001343,RBD mAbs
389,D,S,mAb_52,0.03839,RBD mAbs
389,D,T,mAb_52,-0.2248,RBD mAbs
389,D,V,mAb_52,-0.001332,RBD mAbs
389,D,Y,mAb_52,-0.001447,RBD mAbs
390,L,C,mAb_52,-6.554e-05,RBD mAbs
390,L,I,mAb_52,-0.002094,RBD mAbs
390,L,M,mAb_52,0.001814,RBD mAbs
390,L,N,mAb_52,-0.0009897,RBD mAbs
390,L,Q,mAb_52,0.03763,RBD mAbs
390,L,V,mAb_52,0.0004159,RBD mAbs
390,L,W,mAb_52,2.302e-05,RBD mAbs
391,C,F,mAb_52,0.001673,RBD mAbs
392,F,A,mAb_52,-0.06449,RBD mAbs
392,F,C,mAb_52,-0.01162,RBD mAbs
392,F,G,mAb_52,-0.0009353,RBD mAbs
392,F,H,mAb_52,-0.1315,RBD mAbs
392,F,I,mAb_52,-0.07535,RBD mAbs
392,F,L,mAb_52,0.02296,RBD mAbs
392,F,M,mAb_52,0.07472,RBD mAbs
392,F,N,mAb_52,-0.005017,RBD mAbs
392,F,Q,mAb_52,0.0006747,RBD mAbs
392,F,S,mAb_52,0.0001964,RBD mAbs
392,F,T,mAb_52,0.0003377,RBD mAbs
392,F,V,mAb_52,-0.0003506,RBD mAbs
392,F,W,mAb_52,-0.0007736,RBD mAbs
392,F,Y,mAb_52,0.006413,RBD mAbs
393,T,A,mAb_52,0.3591,RBD mAbs
393,T,C,mAb_52,0.001023,RBD mAbs
393,T,D,mAb_52,0.09392,RBD mAbs
393,T,E,mAb_52,-0.007198,RBD mAbs
393,T,F,mAb_52,-0.01497,RBD mAbs
393,T,G,mAb_52,0.116,RBD mAbs
393,T,H,mAb_52,0.008965,RBD mAbs
393,T,I,mAb_52,0.07352,RBD mAbs
393,T,K,mAb_52,0.1604,RBD mAbs
393,T,L,mAb_52,0.1139,RBD mAbs
393,T,M,mAb_52,-0.0004754,RBD mAbs
393,T,N,mAb_52,-0.09922,RBD mAbs
393,T,P,mAb_52,0.0165,RBD mAbs
393,T,Q,mAb_52,-0.06852,RBD mAbs
393,T,R,mAb_52,-0.04079,RBD mAbs
393,T,S,mAb_52,-3.085e-05,RBD mAbs
393,T,V,mAb_52,0.1967,RBD mAbs
393,T,W,mAb_52,0.1332,RBD mAbs
393,T,Y,mAb_52,0.1115,RBD mAbs
394,N,A,mAb_52,-4.075e-05,RBD mAbs
394,N,C,mAb_52,-0.004419,RBD mAbs
394,N,D,mAb_52,0.06471,RBD mAbs
394,N,E,mAb_52,0.03881,RBD mAbs
394,N,F,mAb_52,-0.02724,RBD mAbs
394,N,G,mAb_52,-0.002325,RBD mAbs
394,N,H,mAb_52,-0.0006086,RBD mAbs
394,N,I,mAb_52,-0.05239,RBD mAbs
394,N,K,mAb_52,0.06727,RBD mAbs
394,N,L,mAb_52,0.2823,RBD mAbs
394,N,M,mAb_52,0.05362,RBD mAbs
394,N,Q,mAb_52,0.001836,RBD mAbs
394,N,R,mAb_52,-0.001919,RBD mAbs
394,N,S,mAb_52,0.09461,RBD mAbs
394,N,T,mAb_52,-0.0486,RBD mAbs
394,N,V,mAb_52,-0.004111,RBD mAbs
394,N,W,mAb_52,1.864e-05,RBD mAbs
394,N,Y,mAb_52,-0.00618,RBD mAbs
395,V,A,mAb_52,0.5243,RBD mAbs
395,V,C,mAb_52,0.1222,RBD mAbs
395,V,E,mAb_52,-0.002015,RBD mAbs
395,V,F,mAb_52,0.001938,RBD mAbs
395,V,G,mAb_52,0.003996,RBD mAbs
395,V,H,mAb_52,0.009618,RBD mAbs
395,V,I,mAb_52,0.0296,RBD mAbs
395,V,K,mAb_52,0.002266,RBD mAbs
395,V,L,mAb_52,-0.0258,RBD mAbs
395,V,M,mAb_52,0.19,RBD mAbs
395,V,N,mAb_52,0.002668,RBD mAbs
395,V,P,mAb_52,0.4281,RBD mAbs
395,V,Q,mAb_52,0.0001582,RBD mAbs
395,V,S,mAb_52,0.00765,RBD mAbs
395,V,T,mAb_52,-0.01616,RBD mAbs
395,V,W,mAb_52,0.001839,RBD mAbs
395,V,Y,mAb_52,0.5638,RBD mAbs
396,Y,A,mAb_52,-0.001831,RBD mAbs
396,Y,C,mAb_52,-0.002702,RBD mAbs
396,Y,D,mAb_52,0.01604,RBD mAbs
396,Y,E,mAb_52,0.008046,RBD mAbs
396,Y,F,mAb_52,0.03872,RBD mAbs
396,Y,G,mAb_52,-0.18,RBD mAbs
396,Y,H,mAb_52,0.3171,RBD mAbs
396,Y,I,mAb_52,0.01346,RBD mAbs
396,Y,K,mAb_52,0.002101,RBD mAbs
396,Y,L,mAb_52,0.009861,RBD mAbs
396,Y,M,mAb_52,-0.009236,RBD mAbs
396,Y,N,mAb_52,-0.1134,RBD mAbs
396,Y,Q,mAb_52,0.0432,RBD mAbs
396,Y,V,mAb_52,0.001324,RBD mAbs
396,Y,W,mAb_52,-9.931e-05,RBD mAbs
397,A,C,mAb_52,0.008452,RBD mAbs
397,A,E,mAb_52,0.1224,RBD mAbs
397,A,F,mAb_52,-0.05746,RBD mAbs
397,A,G,mAb_52,0.1694,RBD mAbs
397,A,H,mAb_52,0.005381,RBD mAbs
397,A,I,mAb_52,-0.0007374,RBD mAbs
397,A,L,mAb_52,-0.002794,RBD mAbs
397,A,M,mAb_52,-0.02103,RBD mAbs
397,A,Q,mAb_52,-0.004657,RBD mAbs
397,A,S,mAb_52,-0.01307,RBD mAbs
397,A,T,mAb_52,0.0112,RBD mAbs
397,A,V,mAb_52,-0.4828,RBD mAbs
397,A,W,mAb_52,-0.006938,RBD mAbs
397,A,Y,mAb_52,-0.001146,RBD mAbs
398,D,G,mAb_52,0.004221,RBD mAbs
398,D,H,mAb_52,-0.0009154,RBD mAbs
398,D,M,mAb_52,0.1601,RBD mAbs
398,D,S,mAb_52,0.3401,RBD mAbs
398,D,T,mAb_52,0.000465,RBD mAbs
398,D,Y,mAb_52,0.1258,RBD mAbs
399,S,A,mAb_52,-0.02027,RBD mAbs
399,S,C,mAb_52,0.003997,RBD mAbs
399,S,D,mAb_52,0.01994,RBD mAbs
399,S,E,mAb_52,0.004873,RBD mAbs
399,S,F,mAb_52,-0.1721,RBD mAbs
399,S,G,mAb_52,-0.002505,RBD mAbs
399,S,H,mAb_52,-0.001122,RBD mAbs
399,S,I,mAb_52,0.4791,RBD mAbs
399,S,K,mAb_52,0.02523,RBD mAbs
399,S,L,mAb_52,-0.000843,RBD mAbs
399,S,M,mAb_52,0.003648,RBD mAbs
399,S,N,mAb_52,-0.01407,RBD mAbs
399,S,Q,mAb_52,0.0009433,RBD mAbs
399,S,R,mAb_52,0.001979,RBD mAbs
399,S,T,mAb_52,0.3566,RBD mAbs
399,S,V,mAb_52,0.0007645,RBD mAbs
399,S,W,mAb_52,-0.0003634,RBD mAbs
399,S,Y,mAb_52,-0.0251,RBD mAbs
400,F,L,mAb_52,-0.0005326,RBD mAbs
400,F,M,mAb_52,-0.03855,RBD mAbs
400,F,Y,mAb_52,-0.001837,RBD mAbs
401,V,A,mAb_52,0.01511,RBD mAbs
401,V,C,mAb_52,0.008862,RBD mAbs
401,V,E,mAb_52,0.0008139,RBD mAbs
401,V,I,mAb_52,-0.02658,RBD mAbs
401,V,L,mAb_52,-0.006979,RBD mAbs
401,V,M,mAb_52,-0.001549,RBD mAbs
401,V,S,mAb_52,-0.0004531,RBD mAbs
402,I,L,mAb_52,-0.001692,RBD mAbs
402,I,M,mAb_52,0.01483,RBD mAbs
402,I,T,mAb_52,-0.001372,RBD mAbs
402,I,V,mAb_52,-0.00274,RBD mAbs
403,R,A,mAb_52,-0.01968,RBD mAbs
403,R,C,mAb_52,-0.1256,RBD mAbs
403,R,D,mAb_52,0.02704,RBD mAbs
403,R,E,mAb_52,0.004943,RBD mAbs
403,R,F,mAb_52,0.001618,RBD mAbs
403,R,G,mAb_52,0.0006147,RBD mAbs
403,R,I,mAb_52,0.5169,RBD mAbs
403,R,K,mAb_52,-0.03046,RBD mAbs
403,R,L,mAb_52,0.7102,RBD mAbs
403,R,M,mAb_52,0.1478,RBD mAbs
403,R,N,mAb_52,-0.01575,RBD mAbs
403,R,P,mAb_52,0.08306,RBD mAbs
403,R,Q,mAb_52,0.01516,RBD mAbs
403,R,S,mAb_52,0.3945,RBD mAbs
403,R,T,mAb_52,-0.08772,RBD mAbs
403,R,V,mAb_52,0.2354,RBD mAbs
403,R,W,mAb_52,0.02694,RBD mAbs
403,R,Y,mAb_52,0.05834,RBD mAbs
404,G,A,mAb_52,-0.009456,RBD mAbs
404,G,C,mAb_52,0.2421,RBD mAbs
404,G,D,mAb_52,-0.04052,RBD mAbs
404,G,E,mAb_52,0.6413,RBD mAbs
404,G,F,mAb_52,0.0004351,RBD mAbs
404,G,H,mAb_52,-0.001444,RBD mAbs
404,G,I,mAb_52,0.1655,RBD mAbs
404,G,K,mAb_52,-0.02466,RBD mAbs
404,G,L,mAb_52,0.001409,RBD mAbs
404,G,M,mAb_52,0.1312,RBD mAbs
404,G,N,mAb_52,0.002549,RBD mAbs
404,G,P,mAb_52,-0.4016,RBD mAbs
404,G,Q,mAb_52,-0.006116,RBD mAbs
404,G,R,mAb_52,0.05324,RBD mAbs
404,G,S,mAb_52,3.718e-05,RBD mAbs
404,G,T,mAb_52,0.001406,RBD mAbs
404,G,V,mAb_52,0.03785,RBD mAbs
404,G,W,mAb_52,0.6547,RBD mAbs
404,G,Y,mAb_52,6.168e-05,RBD mAbs
405,N,A,mAb_52,-0.4124,RBD mAbs
405,N,C,mAb_52,-0.1297,RBD mAbs
405,N,D,mAb_52,0.2529,RBD mAbs
405,N,E,mAb_52,-0.007484,RBD mAbs
405,N,F,mAb_52,0.1769,RBD mAbs
405,N,G,mAb_52,-0.1409,RBD mAbs
405,N,H,mAb_52,-0.2559,RBD mAbs
405,N,I,mAb_52,0.01995,RBD mAbs
405,N,K,mAb_52,-0.2283,RBD mAbs
405,N,L,mAb_52,0.05505,RBD mAbs
405,N,M,mAb_52,0.06491,RBD mAbs
405,N,P,mAb_52,-0.09223,RBD mAbs
405,N,Q,mAb_52,-0.06119,RBD mAbs
405,N,R,mAb_52,-0.07288,RBD mAbs
405,N,S,mAb_52,-0.6388,RBD mAbs
405,N,T,mAb_52,-0.512,RBD mAbs
405,N,V,mAb_52,-0.00135,RBD mAbs
405,N,W,mAb_52,-0.001045,RBD mAbs
405,N,Y,mAb_52,1.041,RBD mAbs
406,E,A,mAb_52,-0.02036,RBD mAbs
406,E,C,mAb_52,0.02049,RBD mAbs
406,E,D,mAb_52,0.6298,RBD mAbs
406,E,F,mAb_52,-0.01239,RBD mAbs
406,E,G,mAb_52,0.003663,RBD mAbs
406,E,H,mAb_52,0.5492,RBD mAbs
406,E,K,mAb_52,0.08163,RBD mAbs
406,E,L,mAb_52,0.004359,RBD mAbs
406,E,M,mAb_52,0.4696,RBD mAbs
406,E,Q,mAb_52,-0.01685,RBD mAbs
406,E,S,mAb_52,0.001672,RBD mAbs
406,E,T,mAb_52,0.001565,RBD mAbs
406,E,V,mAb_52,0.1349,RBD mAbs
406,E,W,mAb_52,-0.2702,RBD mAbs
406,E,Y,mAb_52,0.1713,RBD mAbs
407,V,A,mAb_52,0.001943,RBD mAbs
407,V,C,mAb_52,-0.05386,RBD mAbs
407,V,E,mAb_52,0.07454,RBD mAbs
407,V,F,mAb_52,0.02766,RBD mAbs
407,V,G,mAb_52,0.02197,RBD mAbs
407,V,H,mAb_52,0.00451,RBD mAbs
407,V,I,mAb_52,0.3299,RBD mAbs
407,V,L,mAb_52,0.07054,RBD mAbs
407,V,M,mAb_52,0.3839,RBD mAbs
407,V,N,mAb_52,0.1897,RBD mAbs
407,V,Q,mAb_52,0.005922,RBD mAbs
407,V,R,mAb_52,0.01074,RBD mAbs
407,V,T,mAb_52,0.01206,RBD mAbs
407,V,W,mAb_52,0.5388,RBD mAbs
407,V,Y,mAb_52,0.007304,RBD mAbs
408,S,A,mAb_52,-0.08638,RBD mAbs
408,S,C,mAb_52,0.5819,RBD mAbs
408,S,D,mAb_52,0.8837,RBD mAbs
408,S,E,mAb_52,-0.4022,RBD mAbs
408,S,F,mAb_52,1.207,RBD mAbs
408,S,G,mAb_52,0.4278,RBD mAbs
408,S,H,mAb_52,-0.05104,RBD mAbs
408,S,I,mAb_52,-0.1079,RBD mAbs
408,S,K,mAb_52,-0.2846,RBD mAbs
408,S,L,mAb_52,0.205,RBD mAbs
408,S,M,mAb_52,-0.3246,RBD mAbs
408,S,N,mAb_52,-0.1976,RBD mAbs
408,S,P,mAb_52,-0.09034,RBD mAbs
408,S,Q,mAb_52,-0.01073,RBD mAbs
408,S,R,mAb_52,-0.1414,RBD mAbs
408,S,T,mAb_52,0.3033,RBD mAbs
408,S,V,mAb_52,-0.03003,RBD mAbs
408,S,W,mAb_52,-0.2993,RBD mAbs
408,S,Y,mAb_52,0.2899,RBD mAbs
409,Q,A,mAb_52,-0.4945,RBD mAbs
409,Q,C,mAb_52,-0.745,RBD mAbs
409,Q,D,mAb_52,0.8019,RBD mAbs
409,Q,E,mAb_52,-0.06452,RBD mAbs
409,Q,F,mAb_52,0.06447,RBD mAbs
409,Q,G,mAb_52,-0.0003121,RBD mAbs
409,Q,H,mAb_52,0.5407,RBD mAbs
409,Q,I,mAb_52,-0.0212,RBD mAbs
409,Q,K,mAb_52,0.4381,RBD mAbs
409,Q,L,mAb_52,0.1015,RBD mAbs
409,Q,M,mAb_52,0.3315,RBD mAbs
409,Q,N,mAb_52,0.04854,RBD mAbs
409,Q,P,mAb_52,0.01819,RBD mAbs
409,Q,R,mAb_52,0.5426,RBD mAbs
409,Q,S,mAb_52,-0.04844,RBD mAbs
409,Q,T,mAb_52,-0.002492,RBD mAbs
409,Q,V,mAb_52,0.01533,RBD mAbs
409,Q,W,mAb_52,0.002459,RBD mAbs
409,Q,Y,mAb_52,-0.008894,RBD mAbs
410,I,A,mAb_52,-0.04461,RBD mAbs
410,I,C,mAb_52,0.0005464,RBD mAbs
410,I,F,mAb_52,0.4361,RBD mAbs
410,I,L,mAb_52,-4.609e-05,RBD mAbs
410,I,M,mAb_52,0.001931,RBD mAbs
410,I,S,mAb_52,-0.5649,RBD mAbs
410,I,T,mAb_52,0.007699,RBD mAbs
410,I,V,mAb_52,-0.01635,RBD mAbs
411,A,C,mAb_52,-0.0008769,RBD mAbs
411,A,D,mAb_52,0.003538,RBD mAbs
411,A,E,mAb_52,-0.1995,RBD mAbs
411,A,F,mAb_52,-0.0008618,RBD mAbs
411,A,G,mAb_52,-0.01678,RBD mAbs
411,A,H,mAb_52,-0.0009896,RBD mAbs
411,A,I,mAb_52,-0.0205,RBD mAbs
411,A,K,mAb_52,0.0006054,RBD mAbs
411,A,L,mAb_52,-0.000552,RBD mAbs
411,A,M,mAb_52,-0.006709,RBD mAbs
411,A,N,mAb_52,0.1015,RBD mAbs
411,A,Q,mAb_52,-0.0008091,RBD mAbs
411,A,R,mAb_52,0.005176,RBD mAbs
411,A,S,mAb_52,-0.006612,RBD mAbs
411,A,T,mAb_52,-0.006221,RBD mAbs
411,A,V,mAb_52,0.0007524,RBD mAbs
411,A,Y,mAb_52,0.03167,RBD mAbs
412,P,A,mAb_52,0.00149,RBD mAbs
412,P,G,mAb_52,0.0001425,RBD mAbs
412,P,H,mAb_52,0.01577,RBD mAbs
412,P,L,mAb_52,0.0004719,RBD mAbs
412,P,M,mAb_52,-0.0005407,RBD mAbs
412,P,Q,mAb_52,0.002351,RBD mAbs
412,P,R,mAb_52,0.3353,RBD mAbs
412,P,T,mAb_52,0.002695,RBD mAbs
412,P,V,mAb_52,-8.228e-05,RBD mAbs
413,G,A,mAb_52,-0.1686,RBD mAbs
413,G,C,mAb_52,0.03874,RBD mAbs
413,G,D,mAb_52,-0.02084,RBD mAbs
413,G,E,mAb_52,-0.02292,RBD mAbs
413,G,F,mAb_52,0.1315,RBD mAbs
413,G,H,mAb_52,-0.001314,RBD mAbs
413,G,I,mAb_52,-0.1414,RBD mAbs
413,G,K,mAb_52,0.007316,RBD mAbs
413,G,L,mAb_52,-0.03897,RBD mAbs
413,G,M,mAb_52,-0.01834,RBD mAbs
413,G,Q,mAb_52,-0.06311,RBD mAbs
413,G,R,mAb_52,0.002903,RBD mAbs
413,G,S,mAb_52,-0.01635,RBD mAbs
413,G,T,mAb_52,0.1424,RBD mAbs
413,G,V,mAb_52,0.0005972,RBD mAbs
413,G,W,mAb_52,0.001588,RBD mAbs
413,G,Y,mAb_52,-0.01512,RBD mAbs
414,Q,A,mAb_52,-0.2856,RBD mAbs
414,Q,E,mAb_52,-0.01554,RBD mAbs
414,Q,H,mAb_52,-0.00891,RBD mAbs
414,Q,K,mAb_52,-0.00161,RBD mAbs
414,Q,L,mAb_52,-0.0009398,RBD mAbs
414,Q,M,mAb_52,-0.00439,RBD mAbs
414,Q,N,mAb_52,-0.09155,RBD mAbs
414,Q,P,mAb_52,-0.0007534,RBD mAbs
414,Q,R,mAb_52,-0.01079,RBD mAbs
414,Q,S,mAb_52,-0.002296,RBD mAbs
414,Q,T,mAb_52,-0.003994,RBD mAbs
414,Q,Y,mAb_52,-0.0002727,RBD mAbs
415,T,A,mAb_52,0.6224,RBD mAbs
415,T,C,mAb_52,-0.0001502,RBD mAbs
415,T,D,mAb_52,-0.04024,RBD mAbs
415,T,E,mAb_52,0.02987,RBD mAbs
415,T,F,mAb_52,-0.7649,RBD mAbs
415,T,G,mAb_52,-0.07998,RBD mAbs
415,T,H,mAb_52,-0.04363,RBD mAbs
415,T,I,mAb_52,-0.182,RBD mAbs
415,T,K,mAb_52,-0.016,RBD mAbs
415,T,L,mAb_52,0.1326,RBD mAbs
415,T,M,mAb_52,0.008653,RBD mAbs
415,T,N,mAb_52,-0.2201,RBD mAbs
415,T,P,mAb_52,-0.1216,RBD mAbs
415,T,Q,mAb_52,0.424,RBD mAbs
415,T,R,mAb_52,0.3496,RBD mAbs
415,T,S,mAb_52,-0.1385,RBD mAbs
415,T,V,mAb_52,-0.002895,RBD mAbs
415,T,W,mAb_52,-0.08691,RBD mAbs
415,T,Y,mAb_52,-0.02458,RBD mAbs
416,G,A,mAb_52,0.004909,RBD mAbs
416,G,C,mAb_52,0.002344,RBD mAbs
416,G,D,mAb_52,0.002372,RBD mAbs
416,G,H,mAb_52,-0.4331,RBD mAbs
416,G,K,mAb_52,0.002884,RBD mAbs
416,G,N,mAb_52,-0.009815,RBD mAbs
416,G,R,mAb_52,0.0008821,RBD mAbs
416,G,S,mAb_52,0.01099,RBD mAbs
417,N,A,mAb_52,-0.546,RBD mAbs
417,N,C,mAb_52,-0.08866,RBD mAbs
417,N,D,mAb_52,0.4659,RBD mAbs
417,N,E,mAb_52,0.5334,RBD mAbs
417,N,F,mAb_52,-0.3645,RBD mAbs
417,N,G,mAb_52,-0.01429,RBD mAbs
417,N,H,mAb_52,-0.8306,RBD mAbs
417,N,I,mAb_52,-0.6077,RBD mAbs
417,N,K,mAb_52,-0.03552,RBD mAbs
417,N,L,mAb_52,-0.01735,RBD mAbs
417,N,M,mAb_52,-0.004143,RBD mAbs
417,N,P,mAb_52,-0.1564,RBD mAbs
417,N,Q,mAb_52,0.00103,RBD mAbs
417,N,R,mAb_52,0.01085,RBD mAbs
417,N,S,mAb_52,-0.1737,RBD mAbs
417,N,T,mAb_52,0.2921,RBD mAbs
417,N,V,mAb_52,-0.19,RBD mAbs
417,N,W,mAb_52,0.04974,RBD mAbs
417,N,Y,mAb_52,-0.03036,RBD mAbs
418,I,L,mAb_52,0.9204,RBD mAbs
418,I,M,mAb_52,-0.03634,RBD mAbs
418,I,T,mAb_52,0.003445,RBD mAbs
418,I,V,mAb_52,-0.000811,RBD mAbs
419,A,C,mAb_52,0.001463,RBD mAbs
419,A,F,mAb_52,0.003516,RBD mAbs
419,A,G,mAb_52,0.001165,RBD mAbs
419,A,H,mAb_52,-0.0008604,RBD mAbs
419,A,I,mAb_52,0.0006975,RBD mAbs
419,A,L,mAb_52,0.008479,RBD mAbs
419,A,M,mAb_52,0.005155,RBD mAbs
419,A,N,mAb_52,-0.0001251,RBD mAbs
419,A,P,mAb_52,-0.006644,RBD mAbs
419,A,Q,mAb_52,0.1385,RBD mAbs
419,A,R,mAb_52,0.0009732,RBD mAbs
419,A,S,mAb_52,-0.0001504,RBD mAbs
419,A,T,mAb_52,0.0165,RBD mAbs
419,A,V,mAb_52,0.03776,RBD mAbs
419,A,Y,mAb_52,0.000147,RBD mAbs
420,D,A,mAb_52,0.04946,RBD mAbs
420,D,E,mAb_52,1.094,RBD mAbs
420,D,F,mAb_52,2.759,RBD mAbs
420,D,G,mAb_52,1.49,RBD mAbs
420,D,H,mAb_52,2.23,RBD mAbs
420,D,I,mAb_52,0.04818,RBD mAbs
420,D,K,mAb_52,3.693,RBD mAbs
420,D,L,mAb_52,1.701,RBD mAbs
420,D,M,mAb_52,0.08108,RBD mAbs
420,D,N,mAb_52,1.851,RBD mAbs
420,D,Q,mAb_52,0.05105,RBD mAbs
420,D,R,mAb_52,4.378,RBD mAbs
420,D,S,mAb_52,1.194,RBD mAbs
420,D,T,mAb_52,0.1987,RBD mAbs
420,D,V,mAb_52,1.207,RBD mAbs
420,D,W,mAb_52,4.218,RBD mAbs
420,D,Y,mAb_52,2.828,RBD mAbs
421,Y,A,mAb_52,0.01527,RBD mAbs
421,Y,C,mAb_52,0.003595,RBD mAbs
421,Y,D,mAb_52,0.05025,RBD mAbs
421,Y,F,mAb_52,1.168,RBD mAbs
421,Y,G,mAb_52,0.01485,RBD mAbs
421,Y,H,mAb_52,-0.3046,RBD mAbs
421,Y,I,mAb_52,0.7035,RBD mAbs
421,Y,K,mAb_52,0.03355,RBD mAbs
421,Y,L,mAb_52,0.9247,RBD mAbs
421,Y,M,mAb_52,0.5122,RBD mAbs
421,Y,N,mAb_52,0.437,RBD mAbs
421,Y,Q,mAb_52,0.0003582,RBD mAbs
421,Y,R,mAb_52,3.96,RBD mAbs
421,Y,S,mAb_52,-0.007321,RBD mAbs
421,Y,T,mAb_52,0.015,RBD mAbs
421,Y,V,mAb_52,0.02089,RBD mAbs
421,Y,W,mAb_52,2.248,RBD mAbs
422,N,A,mAb_52,0.004099,RBD mAbs
422,N,C,mAb_52,0.7303,RBD mAbs
422,N,F,mAb_52,0.009408,RBD mAbs
422,N,G,mAb_52,0.004687,RBD mAbs
422,N,H,mAb_52,-0.03843,RBD mAbs
422,N,S,mAb_52,0.006595,RBD mAbs
422,N,T,mAb_52,0.5591,RBD mAbs
422,N,Y,mAb_52,-0.3978,RBD mAbs
423,Y,C,mAb_52,0.09617,RBD mAbs
423,Y,F,mAb_52,0.01531,RBD mAbs
423,Y,I,mAb_52,0.1954,RBD mAbs
424,K,A,mAb_52,-0.001951,RBD mAbs
424,K,C,mAb_52,0.04445,RBD mAbs
424,K,F,mAb_52,-0.001722,RBD mAbs
424,K,G,mAb_52,0.001857,RBD mAbs
424,K,H,mAb_52,-0.1929,RBD mAbs
424,K,L,mAb_52,0.0001699,RBD mAbs
424,K,M,mAb_52,-0.002462,RBD mAbs
424,K,N,mAb_52,-0.09567,RBD mAbs
424,K,P,mAb_52,-0.004139,RBD mAbs
424,K,Q,mAb_52,-0.001955,RBD mAbs
424,K,R,mAb_52,-0.04307,RBD mAbs
424,K,S,mAb_52,-0.09678,RBD mAbs
424,K,V,mAb_52,-0.00075,RBD mAbs
424,K,Y,mAb_52,-0.00291,RBD mAbs
425,L,C,mAb_52,-0.002205,RBD mAbs
425,L,I,mAb_52,-0.0002867,RBD mAbs
425,L,M,mAb_52,-0.01412,RBD mAbs
425,L,Q,mAb_52,0.0005781,RBD mAbs
425,L,T,mAb_52,0.0001792,RBD mAbs
425,L,V,mAb_52,0.03586,RBD mAbs
426,P,A,mAb_52,0.1953,RBD mAbs
426,P,D,mAb_52,-0.0007681,RBD mAbs
426,P,E,mAb_52,-0.3044,RBD mAbs
426,P,F,mAb_52,-0.004779,RBD mAbs
426,P,G,mAb_52,-0.1282,RBD mAbs
426,P,H,mAb_52,0.0006128,RBD mAbs
426,P,I,mAb_52,-0.003808,RBD mAbs
426,P,K,mAb_52,-0.005881,RBD mAbs
426,P,L,mAb_52,-0.005553,RBD mAbs
426,P,M,mAb_52,0.0196,RBD mAbs
426,P,N,mAb_52,-0.02605,RBD mAbs
426,P,Q,mAb_52,-0.0006412,RBD mAbs
426,P,R,mAb_52,-0.001746,RBD mAbs
426,P,S,mAb_52,-0.213,RBD mAbs
426,P,T,mAb_52,0.05502,RBD mAbs
426,P,V,mAb_52,-0.001049,RBD mAbs
426,P,Y,mAb_52,0.01833,RBD mAbs
427,D,A,mAb_52,-0.2074,RBD mAbs
427,D,C,mAb_52,0.001018,RBD mAbs
427,D,E,mAb_52,0.002655,RBD mAbs
427,D,F,mAb_52,0.1498,RBD mAbs
427,D,G,mAb_52,-0.005541,RBD mAbs
427,D,H,mAb_52,0.3565,RBD mAbs
427,D,I,mAb_52,-2.02e-05,RBD mAbs
427,D,K,mAb_52,0.2386,RBD mAbs
427,D,L,mAb_52,0.02641,RBD mAbs
427,D,M,mAb_52,-0.002157,RBD mAbs
427,D,N,mAb_52,0.01812,RBD mAbs
427,D,P,mAb_52,0.0005051,RBD mAbs
427,D,Q,mAb_52,-0.06494,RBD mAbs
427,D,R,mAb_52,-0.01213,RBD mAbs
427,D,S,mAb_52,0.412,RBD mAbs
427,D,T,mAb_52,-0.07272,RBD mAbs
427,D,W,mAb_52,-0.1275,RBD mAbs
427,D,Y,mAb_52,0.06534,RBD mAbs
428,D,A,mAb_52,0.001102,RBD mAbs
428,D,E,mAb_52,0.001517,RBD mAbs
428,D,F,mAb_52,-0.002543,RBD mAbs
428,D,G,mAb_52,0.1078,RBD mAbs
428,D,H,mAb_52,0.0003565,RBD mAbs
428,D,I,mAb_52,-0.01864,RBD mAbs
428,D,K,mAb_52,-0.001426,RBD mAbs
428,D,M,mAb_52,2.799e-05,RBD mAbs
428,D,P,mAb_52,2.726e-05,RBD mAbs
428,D,R,mAb_52,0.001953,RBD mAbs
428,D,S,mAb_52,0.482,RBD mAbs
428,D,T,mAb_52,0.002293,RBD mAbs
428,D,V,mAb_52,-0.0004426,RBD mAbs
428,D,W,mAb_52,-0.0006925,RBD mAbs
428,D,Y,mAb_52,0.03961,RBD mAbs
429,F,I,mAb_52,-0.04322,RBD mAbs
429,F,L,mAb_52,0.005126,RBD mAbs
429,F,M,mAb_52,-0.001875,RBD mAbs
429,F,T,mAb_52,0.003483,RBD mAbs
429,F,V,mAb_52,-0.0009849,RBD mAbs
429,F,W,mAb_52,0.05315,RBD mAbs
429,F,Y,mAb_52,-4.757e-06,RBD mAbs
430,T,A,mAb_52,7.58e-05,RBD mAbs
430,T,C,mAb_52,-0.002941,RBD mAbs
430,T,D,mAb_52,-0.06932,RBD mAbs
430,T,E,mAb_52,-0.0007996,RBD mAbs
430,T,F,mAb_52,0.312,RBD mAbs
430,T,H,mAb_52,-0.01679,RBD mAbs
430,T,I,mAb_52,0.08224,RBD mAbs
430,T,L,mAb_52,-0.05879,RBD mAbs
430,T,M,mAb_52,0.1823,RBD mAbs
430,T,N,mAb_52,-0.005461,RBD mAbs
430,T,P,mAb_52,-0.0006756,RBD mAbs
430,T,Q,mAb_52,0.4029,RBD mAbs
430,T,S,mAb_52,-0.03165,RBD mAbs
430,T,V,mAb_52,-0.03389,RBD mAbs
430,T,Y,mAb_52,-0.0008688,RBD mAbs
431,G,V,mAb_52,0.0003608,RBD mAbs
432,C,L,mAb_52,0.0004023,RBD mAbs
432,C,V,mAb_52,0.0001061,RBD mAbs
433,V,L,mAb_52,0.003754,RBD mAbs
433,V,M,mAb_52,-0.03379,RBD mAbs
434,I,F,mAb_52,0.0005258,RBD mAbs
434,I,G,mAb_52,0.0003823,RBD mAbs
434,I,L,mAb_52,0.007935,RBD mAbs
434,I,M,mAb_52,-0.02034,RBD mAbs
434,I,S,mAb_52,0.001276,RBD mAbs
434,I,V,mAb_52,-0.01751,RBD mAbs
434,I,W,mAb_52,0.2313,RBD mAbs
434,I,Y,mAb_52,-6.151e-05,RBD mAbs
435,A,C,mAb_52,0.008339,RBD mAbs
435,A,D,mAb_52,0.02262,RBD mAbs
435,A,E,mAb_52,0.1025,RBD mAbs
435,A,F,mAb_52,0.5834,RBD mAbs
435,A,G,mAb_52,0.194,RBD mAbs
435,A,I,mAb_52,-0.2043,RBD mAbs
435,A,M,mAb_52,0.0159,RBD mAbs
435,A,N,mAb_52,0.008814,RBD mAbs
435,A,Q,mAb_52,0.09985,RBD mAbs
435,A,S,mAb_52,0.1465,RBD mAbs
435,A,T,mAb_52,-0.2129,RBD mAbs
435,A,V,mAb_52,-0.07494,RBD mAbs
435,A,W,mAb_52,-0.6237,RBD mAbs
436,W,C,mAb_52,-0.005785,RBD mAbs
436,W,E,mAb_52,0.002695,RBD mAbs
436,W,F,mAb_52,0.2921,RBD mAbs
436,W,G,mAb_52,0.003284,RBD mAbs
436,W,H,mAb_52,0.001502,RBD mAbs
436,W,I,mAb_52,0.002142,RBD mAbs
436,W,K,mAb_52,0.09837,RBD mAbs
436,W,L,mAb_52,0.0007927,RBD mAbs
436,W,M,mAb_52,0.01014,RBD mAbs
436,W,Q,mAb_52,-0.1284,RBD mAbs
436,W,R,mAb_52,0.04218,RBD mAbs
436,W,S,mAb_52,0.001267,RBD mAbs
436,W,V,mAb_52,0.4884,RBD mAbs
436,W,Y,mAb_52,0.004626,RBD mAbs
437,N,A,mAb_52,0.0002755,RBD mAbs
437,N,C,mAb_52,0.001655,RBD mAbs
437,N,D,mAb_52,0.6395,RBD mAbs
437,N,E,mAb_52,-0.02035,RBD mAbs
437,N,G,mAb_52,-0.000174,RBD mAbs
437,N,H,mAb_52,0.1795,RBD mAbs
437,N,I,mAb_52,-0.001759,RBD mAbs
437,N,K,mAb_52,-0.008194,RBD mAbs
437,N,M,mAb_52,0.000537,RBD mAbs
437,N,P,mAb_52,-0.0006202,RBD mAbs
437,N,Q,mAb_52,0.0004193,RBD mAbs
437,N,S,mAb_52,-0.1127,RBD mAbs
437,N,T,mAb_52,0.0006623,RBD mAbs
437,N,Y,mAb_52,0.002529,RBD mAbs
438,S,A,mAb_52,-0.02757,RBD mAbs
438,S,C,mAb_52,0.2726,RBD mAbs
438,S,D,mAb_52,0.00578,RBD mAbs
438,S,F,mAb_52,0.002213,RBD mAbs
438,S,G,mAb_52,0.03685,RBD mAbs
438,S,H,mAb_52,-0.001243,RBD mAbs
438,S,I,mAb_52,0.199,RBD mAbs
438,S,K,mAb_52,0.0001327,RBD mAbs
438,S,M,mAb_52,-0.0001026,RBD mAbs
438,S,N,mAb_52,-0.1477,RBD mAbs
438,S,Q,mAb_52,0.0001153,RBD mAbs
438,S,R,mAb_52,0.001062,RBD mAbs
438,S,T,mAb_52,-0.001166,RBD mAbs
438,S,Y,mAb_52,-0.001795,RBD mAbs
439,N,A,mAb_52,-9.68e-05,RBD mAbs
439,N,D,mAb_52,0.02659,RBD mAbs
439,N,F,mAb_52,-0.01062,RBD mAbs
439,N,G,mAb_52,0.001129,RBD mAbs
439,N,H,mAb_52,-0.04809,RBD mAbs
439,N,I,mAb_52,-0.04572,RBD mAbs
439,N,K,mAb_52,0.001505,RBD mAbs
439,N,M,mAb_52,-0.0405,RBD mAbs
439,N,P,mAb_52,0.001473,RBD mAbs
439,N,S,mAb_52,-0.0009564,RBD mAbs
439,N,T,mAb_52,0.1471,RBD mAbs
439,N,Y,mAb_52,0.001822,RBD mAbs
440,K,A,mAb_52,0.0006773,RBD mAbs
440,K,D,mAb_52,0.06015,RBD mAbs
440,K,E,mAb_52,0.3357,RBD mAbs
440,K,F,mAb_52,0.001543,RBD mAbs
440,K,G,mAb_52,0.0002854,RBD mAbs
440,K,H,mAb_52,0.1232,RBD mAbs
440,K,I,mAb_52,0.01189,RBD mAbs
440,K,L,mAb_52,-0.1199,RBD mAbs
440,K,M,mAb_52,-0.0005109,RBD mAbs
440,K,N,mAb_52,0.4171,RBD mAbs
440,K,P,mAb_52,-0.002775,RBD mAbs
440,K,Q,mAb_52,0.2672,RBD mAbs
440,K,R,mAb_52,0.2067,RBD mAbs
440,K,S,mAb_52,0.002914,RBD mAbs
440,K,T,mAb_52,0.0009596,RBD mAbs
440,K,V,mAb_52,-0.01178,RBD mAbs
440,K,W,mAb_52,-0.01673,RBD mAbs
440,K,Y,mAb_52,-0.001281,RBD mAbs
441,L,A,mAb_52,-0.1632,RBD mAbs
441,L,C,mAb_52,-0.03479,RBD mAbs
441,L,D,mAb_52,-0.01746,RBD mAbs
441,L,E,mAb_52,-0.005421,RBD mAbs
441,L,F,mAb_52,-0.0224,RBD mAbs
441,L,G,mAb_52,-0.005189,RBD mAbs
441,L,H,mAb_52,0.3036,RBD mAbs
441,L,I,mAb_52,-0.001779,RBD mAbs
441,L,K,mAb_52,0.008066,RBD mAbs
441,L,M,mAb_52,0.005497,RBD mAbs
441,L,N,mAb_52,0.2809,RBD mAbs
441,L,P,mAb_52,0.002349,RBD mAbs
441,L,Q,mAb_52,-0.01202,RBD mAbs
441,L,R,mAb_52,-0.0402,RBD mAbs
441,L,T,mAb_52,-0.01542,RBD mAbs
441,L,V,mAb_52,-0.2258,RBD mAbs
441,L,W,mAb_52,-0.1105,RBD mAbs
441,L,Y,mAb_52,-0.08801,RBD mAbs
442,D,A,mAb_52,0.1655,RBD mAbs
442,D,E,mAb_52,0.01212,RBD mAbs
442,D,F,mAb_52,0.0005291,RBD mAbs
442,D,G,mAb_52,7.543e-05,RBD mAbs
442,D,H,mAb_52,0.1094,RBD mAbs
442,D,I,mAb_52,0.008414,RBD mAbs
442,D,K,mAb_52,4.33e-05,RBD mAbs
442,D,L,mAb_52,-5.939e-05,RBD mAbs
442,D,N,mAb_52,0.007273,RBD mAbs
442,D,S,mAb_52,0.005948,RBD mAbs
442,D,T,mAb_52,0.00381,RBD mAbs
442,D,V,mAb_52,0.006287,RBD mAbs
442,D,Y,mAb_52,-0.01196,RBD mAbs
443,S,A,mAb_52,-0.007906,RBD mAbs
443,S,C,mAb_52,-0.001726,RBD mAbs
443,S,D,mAb_52,-0.0008903,RBD mAbs
443,S,E,mAb_52,-6.967e-06,RBD mAbs
443,S,G,mAb_52,-0.002717,RBD mAbs
443,S,H,mAb_52,0.0005688,RBD mAbs
443,S,I,mAb_52,0.2567,RBD mAbs
443,S,K,mAb_52,-0.0002048,RBD mAbs
443,S,N,mAb_52,0.1009,RBD mAbs
443,S,P,mAb_52,0.0001633,RBD mAbs
443,S,Q,mAb_52,0.0005863,RBD mAbs
443,S,R,mAb_52,-0.1854,RBD mAbs
443,S,T,mAb_52,0.08589,RBD mAbs
444,K,-,mAb_52,-0.0001233,RBD mAbs
444,K,A,mAb_52,0.2476,RBD mAbs
444,K,C,mAb_52,0.0007215,RBD mAbs
444,K,D,mAb_52,-0.001988,RBD mAbs
444,K,E,mAb_52,-0.01242,RBD mAbs
444,K,F,mAb_52,-0.0171,RBD mAbs
444,K,G,mAb_52,-0.0001228,RBD mAbs
444,K,H,mAb_52,-0.02243,RBD mAbs
444,K,I,mAb_52,-0.00153,RBD mAbs
444,K,L,mAb_52,0.3199,RBD mAbs
444,K,M,mAb_52,-0.001334,RBD mAbs
444,K,N,mAb_52,-0.002928,RBD mAbs
444,K,P,mAb_52,0.0007512,RBD mAbs
444,K,Q,mAb_52,-0.0007412,RBD mAbs
444,K,R,mAb_52,-0.005527,RBD mAbs
444,K,S,mAb_52,-0.001645,RBD mAbs
444,K,T,mAb_52,-0.06165,RBD mAbs
444,K,V,mAb_52,-0.001112,RBD mAbs
444,K,W,mAb_52,0.336,RBD mAbs
444,K,Y,mAb_52,0.02634,RBD mAbs
445,P,-,mAb_52,-0.0001036,RBD mAbs
445,P,A,mAb_52,0.1271,RBD mAbs
445,P,C,mAb_52,0.0007848,RBD mAbs
445,P,D,mAb_52,0.01396,RBD mAbs
445,P,E,mAb_52,0.2178,RBD mAbs
445,P,F,mAb_52,0.0007478,RBD mAbs
445,P,G,mAb_52,0.05865,RBD mAbs
445,P,H,mAb_52,0.1158,RBD mAbs
445,P,I,mAb_52,-0.02089,RBD mAbs
445,P,K,mAb_52,0.001694,RBD mAbs
445,P,L,mAb_52,0.1216,RBD mAbs
445,P,M,mAb_52,0.1377,RBD mAbs
445,P,N,mAb_52,0.01058,RBD mAbs
445,P,Q,mAb_52,0.006875,RBD mAbs
445,P,R,mAb_52,0.006611,RBD mAbs
445,P,S,mAb_52,-0.003784,RBD mAbs
445,P,T,mAb_52,-0.04059,RBD mAbs
445,P,V,mAb_52,0.00322,RBD mAbs
445,P,W,mAb_52,-0.003874,RBD mAbs
445,P,Y,mAb_52,0.0376,RBD mAbs
446,S,-,mAb_52,0.06321,RBD mAbs
446,S,A,mAb_52,-0.01934,RBD mAbs
446,S,C,mAb_52,-0.005291,RBD mAbs
446,S,D,mAb_52,-0.277,RBD mAbs
446,S,E,mAb_52,-0.6106,RBD mAbs
446,S,F,mAb_52,0.01076,RBD mAbs
446,S,G,mAb_52,-0.3257,RBD mAbs
446,S,H,mAb_52,-0.001596,RBD mAbs
446,S,I,mAb_52,0.05624,RBD mAbs
446,S,K,mAb_52,4.453e-05,RBD mAbs
446,S,L,mAb_52,-0.005341,RBD mAbs
446,S,M,mAb_52,-0.002621,RBD mAbs
446,S,N,mAb_52,0.0025,RBD mAbs
446,S,P,mAb_52,-0.004437,RBD mAbs
446,S,Q,mAb_52,-0.002868,RBD mAbs
446,S,R,mAb_52,-0.08739,RBD mAbs
446,S,T,mAb_52,0.02706,RBD mAbs
446,S,V,mAb_52,0.3082,RBD mAbs
446,S,W,mAb_52,-0.03148,RBD mAbs
446,S,Y,mAb_52,-0.007228,RBD mAbs
447,G,-,mAb_52,-0.009506,RBD mAbs
447,G,A,mAb_52,0.08864,RBD mAbs
447,G,C,mAb_52,0.1522,RBD mAbs
447,G,D,mAb_52,-0.003152,RBD mAbs
447,G,E,mAb_52,-0.02154,RBD mAbs
447,G,F,mAb_52,-0.0475,RBD mAbs
447,G,H,mAb_52,0.004987,RBD mAbs
447,G,I,mAb_52,0.2846,RBD mAbs
447,G,K,mAb_52,0.009719,RBD mAbs
447,G,L,mAb_52,-0.003465,RBD mAbs
447,G,M,mAb_52,-0.01035,RBD mAbs
447,G,N,mAb_52,-0.01994,RBD mAbs
447,G,P,mAb_52,-0.0001555,RBD mAbs
447,G,Q,mAb_52,-0.04526,RBD mAbs
447,G,R,mAb_52,-0.001523,RBD mAbs
447,G,S,mAb_52,0.8605,RBD mAbs
447,G,T,mAb_52,0.05255,RBD mAbs
447,G,V,mAb_52,0.4107,RBD mAbs
447,G,W,mAb_52,-0.007836,RBD mAbs
447,G,Y,mAb_52,-0.006403,RBD mAbs
448,N,-,mAb_52,0.02758,RBD mAbs
448,N,A,mAb_52,-0.004363,RBD mAbs
448,N,C,mAb_52,0.1506,RBD mAbs
448,N,D,mAb_52,-0.000538,RBD mAbs
448,N,E,mAb_52,0.09683,RBD mAbs
448,N,F,mAb_52,0.4345,RBD mAbs
448,N,G,mAb_52,0.9315,RBD mAbs
448,N,H,mAb_52,0.2057,RBD mAbs
448,N,I,mAb_52,-0.0009671,RBD mAbs
448,N,K,mAb_52,0.02946,RBD mAbs
448,N,L,mAb_52,0.1746,RBD mAbs
448,N,M,mAb_52,-0.1635,RBD mAbs
448,N,P,mAb_52,-0.001941,RBD mAbs
448,N,Q,mAb_52,-0.03502,RBD mAbs
448,N,R,mAb_52,0.0162,RBD mAbs
448,N,S,mAb_52,0.5592,RBD mAbs
448,N,T,mAb_52,-0.1514,RBD mAbs
448,N,V,mAb_52,0.001619,RBD mAbs
448,N,W,mAb_52,0.0007754,RBD mAbs
448,N,Y,mAb_52,-0.003684,RBD mAbs
449,Y,-,mAb_52,-0.05744,RBD mAbs
449,Y,A,mAb_52,-0.0001513,RBD mAbs
449,Y,C,mAb_52,-0.06466,RBD mAbs
449,Y,D,mAb_52,0.164,RBD mAbs
449,Y,E,mAb_52,0.0005776,RBD mAbs
449,Y,F,mAb_52,-0.09058,RBD mAbs
449,Y,G,mAb_52,0.07091,RBD mAbs
449,Y,H,mAb_52,0.2184,RBD mAbs
449,Y,I,mAb_52,0.4784,RBD mAbs
449,Y,K,mAb_52,-0.005322,RBD mAbs
449,Y,L,mAb_52,0.0001483,RBD mAbs
449,Y,M,mAb_52,0.00107,RBD mAbs
449,Y,N,mAb_52,-0.007471,RBD mAbs
449,Y,P,mAb_52,0.02115,RBD mAbs
449,Y,Q,mAb_52,-0.07506,RBD mAbs
449,Y,R,mAb_52,0.0009927,RBD mAbs
449,Y,S,mAb_52,0.07881,RBD mAbs
449,Y,T,mAb_52,0.1247,RBD mAbs
449,Y,V,mAb_52,0.000709,RBD mAbs
449,Y,W,mAb_52,-0.0002329,RBD mAbs
450,N,A,mAb_52,-0.0007166,RBD mAbs
450,N,C,mAb_52,0.00379,RBD mAbs
450,N,D,mAb_52,-0.02572,RBD mAbs
450,N,E,mAb_52,-0.02823,RBD mAbs
450,N,F,mAb_52,0.6155,RBD mAbs
450,N,G,mAb_52,-0.1256,RBD mAbs
450,N,H,mAb_52,0.04973,RBD mAbs
450,N,I,mAb_52,-0.00844,RBD mAbs
450,N,K,mAb_52,0.05875,RBD mAbs
450,N,L,mAb_52,-0.0195,RBD mAbs
450,N,M,mAb_52,2.103e-05,RBD mAbs
450,N,P,mAb_52,0.7935,RBD mAbs
450,N,Q,mAb_52,0.000203,RBD mAbs
450,N,R,mAb_52,-0.004755,RBD mAbs
450,N,S,mAb_52,0.003156,RBD mAbs
450,N,T,mAb_52,0.03865,RBD mAbs
450,N,W,mAb_52,-0.001245,RBD mAbs
450,N,Y,mAb_52,0.2231,RBD mAbs
451,Y,A,mAb_52,0.1437,RBD mAbs
451,Y,C,mAb_52,0.4025,RBD mAbs
451,Y,D,mAb_52,0.001097,RBD mAbs
451,Y,E,mAb_52,0.007959,RBD mAbs
451,Y,F,mAb_52,-0.0258,RBD mAbs
451,Y,G,mAb_52,-0.005015,RBD mAbs
451,Y,H,mAb_52,-0.003567,RBD mAbs
451,Y,I,mAb_52,0.006891,RBD mAbs
451,Y,K,mAb_52,-0.007803,RBD mAbs
451,Y,L,mAb_52,-0.00342,RBD mAbs
451,Y,M,mAb_52,-0.3533,RBD mAbs
451,Y,N,mAb_52,-0.0002401,RBD mAbs
451,Y,P,mAb_52,-0.1945,RBD mAbs
451,Y,Q,mAb_52,-0.03423,RBD mAbs
451,Y,R,mAb_52,-0.001419,RBD mAbs
451,Y,S,mAb_52,-0.006465,RBD mAbs
451,Y,T,mAb_52,-0.01353,RBD mAbs
451,Y,V,mAb_52,-0.0189,RBD mAbs
451,Y,W,mAb_52,-0.0004729,RBD mAbs
452,L,A,mAb_52,9.779e-05,RBD mAbs
452,L,C,mAb_52,0.2228,RBD mAbs
452,L,D,mAb_52,-0.008641,RBD mAbs
452,L,E,mAb_52,-0.002291,RBD mAbs
452,L,F,mAb_52,0.153,RBD mAbs
452,L,G,mAb_52,0.7211,RBD mAbs
452,L,H,mAb_52,-0.02645,RBD mAbs
452,L,I,mAb_52,0.2381,RBD mAbs
452,L,K,mAb_52,-0.001629,RBD mAbs
452,L,M,mAb_52,0.005595,RBD mAbs
452,L,N,mAb_52,-0.00219,RBD mAbs
452,L,P,mAb_52,0.002901,RBD mAbs
452,L,Q,mAb_52,-0.003458,RBD mAbs
452,L,R,mAb_52,-0.01585,RBD mAbs
452,L,S,mAb_52,0.4476,RBD mAbs
452,L,T,mAb_52,-0.01001,RBD mAbs
452,L,V,mAb_52,0.001059,RBD mAbs
452,L,W,mAb_52,0.001016,RBD mAbs
452,L,Y,mAb_52,0.01236,RBD mAbs
453,Y,A,mAb_52,0.006584,RBD mAbs
453,Y,C,mAb_52,0.886,RBD mAbs
453,Y,E,mAb_52,0.007616,RBD mAbs
453,Y,F,mAb_52,0.02952,RBD mAbs
453,Y,G,mAb_52,0.008601,RBD mAbs
453,Y,H,mAb_52,1.093,RBD mAbs
453,Y,I,mAb_52,0.2634,RBD mAbs
453,Y,K,mAb_52,0.01705,RBD mAbs
453,Y,L,mAb_52,1.006,RBD mAbs
453,Y,M,mAb_52,0.01759,RBD mAbs
453,Y,N,mAb_52,-0.05786,RBD mAbs
453,Y,Q,mAb_52,-0.02335,RBD mAbs
453,Y,R,mAb_52,0.3469,RBD mAbs
453,Y,S,mAb_52,-0.2206,RBD mAbs
453,Y,T,mAb_52,0.9332,RBD mAbs
453,Y,W,mAb_52,0.02113,RBD mAbs
454,R,K,mAb_52,0.001776,RBD mAbs
455,L,A,mAb_52,2.354,RBD mAbs
455,L,C,mAb_52,1.04,RBD mAbs
455,L,D,mAb_52,5.653,RBD mAbs
455,L,E,mAb_52,5.783,RBD mAbs
455,L,F,mAb_52,1.139,RBD mAbs
455,L,H,mAb_52,0.6457,RBD mAbs
455,L,I,mAb_52,-0.003258,RBD mAbs
455,L,K,mAb_52,4.021,RBD mAbs
455,L,M,mAb_52,0.2529,RBD mAbs
455,L,N,mAb_52,0.889,RBD mAbs
455,L,P,mAb_52,3.41,RBD mAbs
455,L,Q,mAb_52,2.824,RBD mAbs
455,L,R,mAb_52,3.506,RBD mAbs
455,L,S,mAb_52,0.9533,RBD mAbs
455,L,T,mAb_52,2.241,RBD mAbs
455,L,V,mAb_52,0.738,RBD mAbs
455,L,W,mAb_52,5.18,RBD mAbs
455,L,Y,mAb_52,3.046,RBD mAbs
456,F,A,mAb_52,0.06855,RBD mAbs
456,F,C,mAb_52,4.386,RBD mAbs
456,F,D,mAb_52,4.975,RBD mAbs
456,F,G,mAb_52,4.158,RBD mAbs
456,F,H,mAb_52,0.3193,RBD mAbs
456,F,I,mAb_52,1.747,RBD mAbs
456,F,L,mAb_52,0.1147,RBD mAbs
456,F,M,mAb_52,0.04984,RBD mAbs
456,F,N,mAb_52,0.05032,RBD mAbs
456,F,R,mAb_52,4.444,RBD mAbs
456,F,S,mAb_52,0.8767,RBD mAbs
456,F,T,mAb_52,2.203,RBD mAbs
456,F,V,mAb_52,0.05293,RBD mAbs
456,F,W,mAb_52,0.6701,RBD mAbs
456,F,Y,mAb_52,0.9351,RBD mAbs
457,R,A,mAb_52,-0.0009338,RBD mAbs
457,R,G,mAb_52,-0.01407,RBD mAbs
457,R,H,mAb_52,0.0005147,RBD mAbs
457,R,K,mAb_52,-0.0004693,RBD mAbs
457,R,L,mAb_52,0.001633,RBD mAbs
457,R,M,mAb_52,-0.007029,RBD mAbs
457,R,N,mAb_52,0.0005542,RBD mAbs
457,R,Q,mAb_52,0.003805,RBD mAbs
457,R,S,mAb_52,0.738,RBD mAbs
457,R,T,mAb_52,0.006042,RBD mAbs
458,K,A,mAb_52,0.0009194,RBD mAbs
458,K,D,mAb_52,0.01588,RBD mAbs
458,K,E,mAb_52,0.8163,RBD mAbs
458,K,F,mAb_52,0.0004755,RBD mAbs
458,K,G,mAb_52,-0.004086,RBD mAbs
458,K,H,mAb_52,0.001519,RBD mAbs
458,K,I,mAb_52,0.01644,RBD mAbs
458,K,L,mAb_52,-0.0005024,RBD mAbs
458,K,M,mAb_52,0.06969,RBD mAbs
458,K,N,mAb_52,0.000219,RBD mAbs
458,K,P,mAb_52,0.0006366,RBD mAbs
458,K,Q,mAb_52,0.04182,RBD mAbs
458,K,R,mAb_52,-0.02201,RBD mAbs
458,K,S,mAb_52,-0.008108,RBD mAbs
458,K,T,mAb_52,0.0004558,RBD mAbs
458,K,V,mAb_52,0.002405,RBD mAbs
458,K,W,mAb_52,0.004703,RBD mAbs
458,K,Y,mAb_52,-0.01386,RBD mAbs
459,S,A,mAb_52,-0.00317,RBD mAbs
459,S,C,mAb_52,-0.2051,RBD mAbs
459,S,D,mAb_52,-0.007869,RBD mAbs
459,S,E,mAb_52,-0.007143,RBD mAbs
459,S,F,mAb_52,0.192,RBD mAbs
459,S,G,mAb_52,0.007332,RBD mAbs
459,S,H,mAb_52,-0.004008,RBD mAbs
459,S,I,mAb_52,-0.08371,RBD mAbs
459,S,K,mAb_52,-0.2929,RBD mAbs
459,S,L,mAb_52,-0.0003181,RBD mAbs
459,S,M,mAb_52,-0.01004,RBD mAbs
459,S,N,mAb_52,-0.06126,RBD mAbs
459,S,P,mAb_52,-0.3576,RBD mAbs
459,S,Q,mAb_52,-0.003743,RBD mAbs
459,S,R,mAb_52,-0.372,RBD mAbs
459,S,T,mAb_52,-0.388,RBD mAbs
459,S,V,mAb_52,-0.002444,RBD mAbs
459,S,W,mAb_52,-0.006396,RBD mAbs
459,S,Y,mAb_52,-0.009794,RBD mAbs
460,K,A,mAb_52,-0.1837,RBD mAbs
460,K,C,mAb_52,0.4159,RBD mAbs
460,K,D,mAb_52,-0.0008856,RBD mAbs
460,K,E,mAb_52,-0.1016,RBD mAbs
460,K,G,mAb_52,0.0003722,RBD mAbs
460,K,H,mAb_52,0.1241,RBD mAbs
460,K,I,mAb_52,-0.1576,RBD mAbs
460,K,L,mAb_52,-0.004648,RBD mAbs
460,K,M,mAb_52,0.07288,RBD mAbs
460,K,N,mAb_52,-0.03772,RBD mAbs
460,K,P,mAb_52,8.955e-05,RBD mAbs
460,K,Q,mAb_52,0.3745,RBD mAbs
460,K,R,mAb_52,-0.0007962,RBD mAbs
460,K,S,mAb_52,-0.4721,RBD mAbs
460,K,T,mAb_52,-0.03305,RBD mAbs
460,K,V,mAb_52,-0.07239,RBD mAbs
460,K,W,mAb_52,0.6108,RBD mAbs
460,K,Y,mAb_52,0.01471,RBD mAbs
461,L,C,mAb_52,0.006188,RBD mAbs
461,L,F,mAb_52,-0.0004533,RBD mAbs
461,L,H,mAb_52,-0.0005007,RBD mAbs
461,L,I,mAb_52,0.4578,RBD mAbs
461,L,M,mAb_52,0.0343,RBD mAbs
461,L,N,mAb_52,-6.809e-05,RBD mAbs
461,L,Q,mAb_52,0.01615,RBD mAbs
461,L,S,mAb_52,0.003483,RBD mAbs
461,L,T,mAb_52,-0.07512,RBD mAbs
461,L,V,mAb_52,0.005026,RBD mAbs
461,L,Y,mAb_52,0.0003264,RBD mAbs
462,K,A,mAb_52,-0.0247,RBD mAbs
462,K,C,mAb_52,-0.0009607,RBD mAbs
462,K,D,mAb_52,-0.002224,RBD mAbs
462,K,E,mAb_52,-0.001778,RBD mAbs
462,K,F,mAb_52,0.0002954,RBD mAbs
462,K,G,mAb_52,0.1681,RBD mAbs
462,K,H,mAb_52,-0.0565,RBD mAbs
462,K,I,mAb_52,-0.03486,RBD mAbs
462,K,L,mAb_52,-0.3427,RBD mAbs
462,K,M,mAb_52,0.1432,RBD mAbs
462,K,N,mAb_52,-0.1093,RBD mAbs
462,K,P,mAb_52,0.0006308,RBD mAbs
462,K,Q,mAb_52,0.008773,RBD mAbs
462,K,R,mAb_52,0.5872,RBD mAbs
462,K,S,mAb_52,0.04011,RBD mAbs
462,K,T,mAb_52,0.5649,RBD mAbs
462,K,V,mAb_52,-0.001217,RBD mAbs
462,K,W,mAb_52,0.001694,RBD mAbs
462,K,Y,mAb_52,-0.03059,RBD mAbs
463,P,A,mAb_52,0.2505,RBD mAbs
463,P,D,mAb_52,0.001185,RBD mAbs
463,P,E,mAb_52,0.001827,RBD mAbs
463,P,F,mAb_52,0.001316,RBD mAbs
463,P,G,mAb_52,0.0001757,RBD mAbs
463,P,H,mAb_52,-0.003731,RBD mAbs
463,P,I,mAb_52,-0.0009972,RBD mAbs
463,P,K,mAb_52,0.01353,RBD mAbs
463,P,L,mAb_52,0.5521,RBD mAbs
463,P,M,mAb_52,-0.03411,RBD mAbs
463,P,N,mAb_52,0.0006815,RBD mAbs
463,P,Q,mAb_52,0.01341,RBD mAbs
463,P,R,mAb_52,0.001895,RBD mAbs
463,P,S,mAb_52,-0.002578,RBD mAbs
463,P,T,mAb_52,0.1702,RBD mAbs
463,P,V,mAb_52,0.0005588,RBD mAbs
463,P,W,mAb_52,0.002603,RBD mAbs
463,P,Y,mAb_52,0.3701,RBD mAbs
464,F,A,mAb_52,0.001698,RBD mAbs
464,F,C,mAb_52,0.3769,RBD mAbs
464,F,D,mAb_52,0.001189,RBD mAbs
464,F,E,mAb_52,-0.06639,RBD mAbs
464,F,G,mAb_52,-0.004121,RBD mAbs
464,F,H,mAb_52,0.004438,RBD mAbs
464,F,I,mAb_52,-0.001337,RBD mAbs
464,F,K,mAb_52,-0.03839,RBD mAbs
464,F,L,mAb_52,-0.004768,RBD mAbs
464,F,M,mAb_52,0.08604,RBD mAbs
464,F,N,mAb_52,0.05921,RBD mAbs
464,F,Q,mAb_52,-0.03076,RBD mAbs
464,F,R,mAb_52,0.1449,RBD mAbs
464,F,S,mAb_52,0.2537,RBD mAbs
464,F,T,mAb_52,0.001317,RBD mAbs
464,F,V,mAb_52,0.006997,RBD mAbs
464,F,W,mAb_52,0.02394,RBD mAbs
464,F,Y,mAb_52,-0.01943,RBD mAbs
465,E,A,mAb_52,0.01798,RBD mAbs
465,E,D,mAb_52,0.04669,RBD mAbs
465,E,G,mAb_52,0.07563,RBD mAbs
465,E,H,mAb_52,0.04613,RBD mAbs
465,E,I,mAb_52,2.425,RBD mAbs
465,E,K,mAb_52,0.09096,RBD mAbs
465,E,M,mAb_52,1.633,RBD mAbs
465,E,N,mAb_52,0.895,RBD mAbs
465,E,R,mAb_52,0.6522,RBD mAbs
465,E,S,mAb_52,0.03266,RBD mAbs
465,E,T,mAb_52,0.03262,RBD mAbs
465,E,V,mAb_52,1.13,RBD mAbs
465,E,Y,mAb_52,1.992,RBD mAbs
466,R,A,mAb_52,0.001418,RBD mAbs
466,R,C,mAb_52,0.0006354,RBD mAbs
466,R,E,mAb_52,-0.01939,RBD mAbs
466,R,F,mAb_52,-0.0003602,RBD mAbs
466,R,G,mAb_52,-0.02555,RBD mAbs
466,R,H,mAb_52,0.001098,RBD mAbs
466,R,I,mAb_52,0.2191,RBD mAbs
466,R,K,mAb_52,0.1525,RBD mAbs
466,R,L,mAb_52,0.005219,RBD mAbs
466,R,M,mAb_52,-0.0001166,RBD mAbs
466,R,N,mAb_52,0.1657,RBD mAbs
466,R,P,mAb_52,0.0008239,RBD mAbs
466,R,Q,mAb_52,-0.05192,RBD mAbs
466,R,S,mAb_52,0.0006599,RBD mAbs
466,R,T,mAb_52,-0.01392,RBD mAbs
466,R,V,mAb_52,-0.00614,RBD mAbs
466,R,W,mAb_52,0.6582,RBD mAbs
466,R,Y,mAb_52,0.07199,RBD mAbs
467,D,A,mAb_52,0.005058,RBD mAbs
467,D,E,mAb_52,0.7736,RBD mAbs
467,D,F,mAb_52,0.3035,RBD mAbs
467,D,G,mAb_52,0.05043,RBD mAbs
467,D,H,mAb_52,-0.05606,RBD mAbs
467,D,I,mAb_52,0.0005763,RBD mAbs
467,D,M,mAb_52,0.003148,RBD mAbs
467,D,N,mAb_52,0.009825,RBD mAbs
467,D,P,mAb_52,0.1723,RBD mAbs
467,D,S,mAb_52,0.1431,RBD mAbs
467,D,T,mAb_52,0.01339,RBD mAbs
467,D,V,mAb_52,0.001223,RBD mAbs
467,D,Y,mAb_52,-0.008759,RBD mAbs
468,I,A,mAb_52,-0.0664,RBD mAbs
468,I,C,mAb_52,-0.175,RBD mAbs
468,I,D,mAb_52,-0.006139,RBD mAbs
468,I,E,mAb_52,-0.001975,RBD mAbs
468,I,F,mAb_52,0.08748,RBD mAbs
468,I,G,mAb_52,0.2281,RBD mAbs
468,I,H,mAb_52,-0.0004842,RBD mAbs
468,I,K,mAb_52,-0.02157,RBD mAbs
468,I,L,mAb_52,0.03739,RBD mAbs
468,I,M,mAb_52,-0.09952,RBD mAbs
468,I,N,mAb_52,0.002932,RBD mAbs
468,I,P,mAb_52,-0.00183,RBD mAbs
468,I,Q,mAb_52,0.2093,RBD mAbs
468,I,R,mAb_52,-0.106,RBD mAbs
468,I,S,mAb_52,-0.01365,RBD mAbs
468,I,T,mAb_52,-0.06283,RBD mAbs
468,I,V,mAb_52,0.1543,RBD mAbs
468,I,W,mAb_52,-0.004897,RBD mAbs
468,I,Y,mAb_52,0.006603,RBD mAbs
469,S,A,mAb_52,-0.01238,RBD mAbs
469,S,C,mAb_52,0.0008332,RBD mAbs
469,S,D,mAb_52,0.1141,RBD mAbs
469,S,E,mAb_52,-0.02094,RBD mAbs
469,S,F,mAb_52,-0.1686,RBD mAbs
469,S,G,mAb_52,-0.2081,RBD mAbs
469,S,H,mAb_52,-0.002101,RBD mAbs
469,S,I,mAb_52,-0.004359,RBD mAbs
469,S,K,mAb_52,-0.1591,RBD mAbs
469,S,L,mAb_52,-0.002117,RBD mAbs
469,S,M,mAb_52,-0.5338,RBD mAbs
469,S,N,mAb_52,0.04855,RBD mAbs
469,S,P,mAb_52,-0.003479,RBD mAbs
469,S,Q,mAb_52,-0.004963,RBD mAbs
469,S,R,mAb_52,-0.8562,RBD mAbs
469,S,T,mAb_52,0.1022,RBD mAbs
469,S,V,mAb_52,-0.002602,RBD mAbs
469,S,W,mAb_52,2.296e-05,RBD mAbs
469,S,Y,mAb_52,-0.003037,RBD mAbs
470,T,A,mAb_52,-0.07202,RBD mAbs
470,T,C,mAb_52,-0.1287,RBD mAbs
470,T,D,mAb_52,-0.00584,RBD mAbs
470,T,E,mAb_52,0.03439,RBD mAbs
470,T,F,mAb_52,-0.1008,RBD mAbs
470,T,G,mAb_52,0.3493,RBD mAbs
470,T,H,mAb_52,0.07359,RBD mAbs
470,T,I,mAb_52,-0.1657,RBD mAbs
470,T,K,mAb_52,0.1183,RBD mAbs
470,T,L,mAb_52,-6.382e-05,RBD mAbs
470,T,M,mAb_52,-0.02375,RBD mAbs
470,T,N,mAb_52,-0.006967,RBD mAbs
470,T,P,mAb_52,-0.04086,RBD mAbs
470,T,Q,mAb_52,-0.5561,RBD mAbs
470,T,R,mAb_52,0.6062,RBD mAbs
470,T,S,mAb_52,0.1255,RBD mAbs
470,T,V,mAb_52,0.6008,RBD mAbs
470,T,W,mAb_52,0.2505,RBD mAbs
470,T,Y,mAb_52,0.002657,RBD mAbs
471,E,A,mAb_52,-0.01063,RBD mAbs
471,E,C,mAb_52,-0.03366,RBD mAbs
471,E,D,mAb_52,-0.02248,RBD mAbs
471,E,F,mAb_52,0.58,RBD mAbs
471,E,G,mAb_52,-0.4047,RBD mAbs
471,E,H,mAb_52,-0.01246,RBD mAbs
471,E,I,mAb_52,-0.0005336,RBD mAbs
471,E,K,mAb_52,-0.1209,RBD mAbs
471,E,L,mAb_52,0.0007599,RBD mAbs
471,E,M,mAb_52,0.001209,RBD mAbs
471,E,N,mAb_52,0.0143,RBD mAbs
471,E,P,mAb_52,0.0001505,RBD mAbs
471,E,Q,mAb_52,-0.02583,RBD mAbs
471,E,R,mAb_52,-0.05837,RBD mAbs
471,E,S,mAb_52,0.3143,RBD mAbs
471,E,T,mAb_52,-2.062e-05,RBD mAbs
471,E,V,mAb_52,0.1682,RBD mAbs
471,E,W,mAb_52,0.5462,RBD mAbs
471,E,Y,mAb_52,-0.05838,RBD mAbs
472,I,D,mAb_52,-0.005969,RBD mAbs
472,I,E,mAb_52,-0.008528,RBD mAbs
472,I,F,mAb_52,-0.00168,RBD mAbs
472,I,G,mAb_52,-0.0004925,RBD mAbs
472,I,H,mAb_52,0.4799,RBD mAbs
472,I,K,mAb_52,-0.3769,RBD mAbs
472,I,L,mAb_52,-0.001518,RBD mAbs
472,I,N,mAb_52,-0.0001751,RBD mAbs
472,I,P,mAb_52,0.04387,RBD mAbs
472,I,Q,mAb_52,0.004048,RBD mAbs
472,I,R,mAb_52,-0.0006861,RBD mAbs
472,I,S,mAb_52,0.8735,RBD mAbs
472,I,T,mAb_52,0.2536,RBD mAbs
472,I,V,mAb_52,-0.0004639,RBD mAbs
472,I,W,mAb_52,-0.0007405,RBD mAbs
472,I,Y,mAb_52,-0.004068,RBD mAbs
473,Y,C,mAb_52,1.089,RBD mAbs
473,Y,D,mAb_52,3.147,RBD mAbs
473,Y,E,mAb_52,1.048,RBD mAbs
473,Y,F,mAb_52,0.3616,RBD mAbs
473,Y,G,mAb_52,3.472,RBD mAbs
473,Y,H,mAb_52,0.4327,RBD mAbs
473,Y,I,mAb_52,0.7704,RBD mAbs
473,Y,K,mAb_52,3.575,RBD mAbs
473,Y,L,mAb_52,1.044,RBD mAbs
473,Y,M,mAb_52,0.04373,RBD mAbs
473,Y,P,mAb_52,6.942,RBD mAbs
473,Y,Q,mAb_52,0.05244,RBD mAbs
473,Y,R,mAb_52,5.29,RBD mAbs
473,Y,S,mAb_52,2.248,RBD mAbs
473,Y,T,mAb_52,0.9387,RBD mAbs
473,Y,W,mAb_52,0.6142,RBD mAbs
474,Q,C,mAb_52,0.01312,RBD mAbs
474,Q,D,mAb_52,0.0006185,RBD mAbs
474,Q,E,mAb_52,0.02886,RBD mAbs
474,Q,F,mAb_52,-0.005163,RBD mAbs
474,Q,H,mAb_52,-0.01065,RBD mAbs
474,Q,K,mAb_52,-0.1825,RBD mAbs
474,Q,L,mAb_52,0.01076,RBD mAbs
474,Q,M,mAb_52,-0.004116,RBD mAbs
474,Q,N,mAb_52,-0.0003723,RBD mAbs
474,Q,P,mAb_52,-0.0004965,RBD mAbs
474,Q,R,mAb_52,-0.03276,RBD mAbs
474,Q,S,mAb_52,0.0003324,RBD mAbs
474,Q,T,mAb_52,0.001069,RBD mAbs
474,Q,V,mAb_52,-0.01763,RBD mAbs
474,Q,W,mAb_52,-0.001503,RBD mAbs
474,Q,Y,mAb_52,0.8659,RBD mAbs
475,A,C,mAb_52,5.342,RBD mAbs
475,A,D,mAb_52,2.803,RBD mAbs
475,A,E,mAb_52,3.626,RBD mAbs
475,A,F,mAb_52,0.1516,RBD mAbs
475,A,G,mAb_52,-0.1389,RBD mAbs
475,A,H,mAb_52,0.776,RBD mAbs
475,A,I,mAb_52,1.843,RBD mAbs
475,A,K,mAb_52,1.05,RBD mAbs
475,A,L,mAb_52,-0.114,RBD mAbs
475,A,M,mAb_52,0.0397,RBD mAbs
475,A,N,mAb_52,0.04931,RBD mAbs
475,A,P,mAb_52,2.226,RBD mAbs
475,A,Q,mAb_52,0.09252,RBD mAbs
475,A,R,mAb_52,5.366,RBD mAbs
475,A,S,mAb_52,0.447,RBD mAbs
475,A,T,mAb_52,0.01457,RBD mAbs
475,A,V,mAb_52,-0.02737,RBD mAbs
475,A,W,mAb_52,4.556,RBD mAbs
475,A,Y,mAb_52,4.075,RBD mAbs
476,G,A,mAb_52,0.002836,RBD mAbs
476,G,C,mAb_52,0.00273,RBD mAbs
476,G,D,mAb_52,0.6091,RBD mAbs
476,G,E,mAb_52,-0.003593,RBD mAbs
476,G,F,mAb_52,0.002145,RBD mAbs
476,G,H,mAb_52,0.001812,RBD mAbs
476,G,I,mAb_52,-0.08026,RBD mAbs
476,G,K,mAb_52,0.002107,RBD mAbs
476,G,L,mAb_52,0.7991,RBD mAbs
476,G,M,mAb_52,0.003246,RBD mAbs
476,G,N,mAb_52,0.0393,RBD mAbs
476,G,P,mAb_52,0.02076,RBD mAbs
476,G,Q,mAb_52,0.002014,RBD mAbs
476,G,R,mAb_52,0.5043,RBD mAbs
476,G,S,mAb_52,0.07178,RBD mAbs
476,G,T,mAb_52,0.2929,RBD mAbs
476,G,V,mAb_52,0.002349,RBD mAbs
476,G,W,mAb_52,0.002208,RBD mAbs
476,G,Y,mAb_52,0.00354,RBD mAbs
477,N,A,mAb_52,-0.0004037,RBD mAbs
477,N,C,mAb_52,-0.0005016,RBD mAbs
477,N,D,mAb_52,-0.07211,RBD mAbs
477,N,F,mAb_52,-0.001001,RBD mAbs
477,N,G,mAb_52,-0.001476,RBD mAbs
477,N,H,mAb_52,-0.002585,RBD mAbs
477,N,I,mAb_52,-0.01103,RBD mAbs
477,N,K,mAb_52,-0.01975,RBD mAbs
477,N,L,mAb_52,-0.0008588,RBD mAbs
477,N,M,mAb_52,-0.0004265,RBD mAbs
477,N,P,mAb_52,0.2261,RBD mAbs
477,N,R,mAb_52,-0.005115,RBD mAbs
477,N,S,mAb_52,-0.052,RBD mAbs
477,N,T,mAb_52,0.02446,RBD mAbs
477,N,V,mAb_52,-0.007059,RBD mAbs
477,N,Y,mAb_52,-0.3573,RBD mAbs
478,K,A,mAb_52,-0.000268,RBD mAbs
478,K,D,mAb_52,-0.05731,RBD mAbs
478,K,E,mAb_52,0.001324,RBD mAbs
478,K,G,mAb_52,-0.0009335,RBD mAbs
478,K,H,mAb_52,0.0006657,RBD mAbs
478,K,I,mAb_52,-0.04553,RBD mAbs
478,K,L,mAb_52,-0.01415,RBD mAbs
478,K,M,mAb_52,0.5168,RBD mAbs
478,K,N,mAb_52,-0.07471,RBD mAbs
478,K,P,mAb_52,0.5038,RBD mAbs
478,K,Q,mAb_52,-0.04165,RBD mAbs
478,K,R,mAb_52,-0.06277,RBD mAbs
478,K,S,mAb_52,-0.01117,RBD mAbs
478,K,T,mAb_52,0.01336,RBD mAbs
478,K,V,mAb_52,-0.01625,RBD mAbs
478,K,W,mAb_52,-0.0378,RBD mAbs
478,K,Y,mAb_52,0.02882,RBD mAbs
479,P,A,mAb_52,-0.05129,RBD mAbs
479,P,D,mAb_52,0.001004,RBD mAbs
479,P,E,mAb_52,0.4362,RBD mAbs
479,P,F,mAb_52,0.00999,RBD mAbs
479,P,H,mAb_52,-0.005873,RBD mAbs
479,P,I,mAb_52,-0.01231,RBD mAbs
479,P,K,mAb_52,0.02828,RBD mAbs
479,P,L,mAb_52,0.02753,RBD mAbs
479,P,M,mAb_52,-0.06633,RBD mAbs
479,P,N,mAb_52,0.005658,RBD mAbs
479,P,Q,mAb_52,-0.1866,RBD mAbs
479,P,R,mAb_52,0.006379,RBD mAbs
479,P,S,mAb_52,-0.1741,RBD mAbs
479,P,T,mAb_52,-0.001744,RBD mAbs
479,P,V,mAb_52,0.001698,RBD mAbs
479,P,W,mAb_52,0.0002047,RBD mAbs
479,P,Y,mAb_52,-0.001378,RBD mAbs
480,C,F,mAb_52,-0.06274,RBD mAbs
480,C,M,mAb_52,0.151,RBD mAbs
480,C,Y,mAb_52,-0.02551,RBD mAbs
481,N,A,mAb_52,0.001162,RBD mAbs
481,N,C,mAb_52,0.4899,RBD mAbs
481,N,D,mAb_52,0.08316,RBD mAbs
481,N,E,mAb_52,0.06966,RBD mAbs
481,N,F,mAb_52,-0.002566,RBD mAbs
481,N,G,mAb_52,0.004653,RBD mAbs
481,N,H,mAb_52,-0.02761,RBD mAbs
481,N,I,mAb_52,-0.05462,RBD mAbs
481,N,K,mAb_52,-0.2124,RBD mAbs
481,N,L,mAb_52,0.005141,RBD mAbs
481,N,M,mAb_52,0.01576,RBD mAbs
481,N,P,mAb_52,-0.002672,RBD mAbs
481,N,Q,mAb_52,0.05824,RBD mAbs
481,N,R,mAb_52,-0.00387,RBD mAbs
481,N,S,mAb_52,0.04701,RBD mAbs
481,N,T,mAb_52,0.1615,RBD mAbs
481,N,V,mAb_52,-0.8081,RBD mAbs
481,N,W,mAb_52,0.3465,RBD mAbs
481,N,Y,mAb_52,0.001115,RBD mAbs
482,G,A,mAb_52,-0.09307,RBD mAbs
482,G,C,mAb_52,-0.01924,RBD mAbs
482,G,D,mAb_52,0.0244,RBD mAbs
482,G,E,mAb_52,0.01615,RBD mAbs
482,G,F,mAb_52,-0.4177,RBD mAbs
482,G,H,mAb_52,-0.0002275,RBD mAbs
482,G,I,mAb_52,-0.01832,RBD mAbs
482,G,K,mAb_52,-0.1539,RBD mAbs
482,G,L,mAb_52,0.1301,RBD mAbs
482,G,M,mAb_52,-0.09465,RBD mAbs
482,G,N,mAb_52,-0.00861,RBD mAbs
482,G,P,mAb_52,0.8867,RBD mAbs
482,G,Q,mAb_52,-0.475,RBD mAbs
482,G,R,mAb_52,-0.04538,RBD mAbs
482,G,S,mAb_52,0.3114,RBD mAbs
482,G,T,mAb_52,0.009895,RBD mAbs
482,G,V,mAb_52,-0.0496,RBD mAbs
482,G,W,mAb_52,0.1566,RBD mAbs
482,G,Y,mAb_52,-0.0621,RBD mAbs
483,V,-,mAb_52,0.3299,RBD mAbs
483,V,A,mAb_52,0.1751,RBD mAbs
483,V,C,mAb_52,-0.02382,RBD mAbs
483,V,D,mAb_52,0.01572,RBD mAbs
483,V,E,mAb_52,-0.3745,RBD mAbs
483,V,F,mAb_52,-0.0001163,RBD mAbs
483,V,G,mAb_52,0.06371,RBD mAbs
483,V,H,mAb_52,0.2857,RBD mAbs
483,V,I,mAb_52,-0.1044,RBD mAbs
483,V,K,mAb_52,0.09892,RBD mAbs
483,V,L,mAb_52,-1.229,RBD mAbs
483,V,M,mAb_52,0.07933,RBD mAbs
483,V,N,mAb_52,-0.001085,RBD mAbs
483,V,P,mAb_52,-0.003258,RBD mAbs
483,V,Q,mAb_52,0.332,RBD mAbs
483,V,R,mAb_52,-0.00768,RBD mAbs
483,V,S,mAb_52,-0.07094,RBD mAbs
483,V,T,mAb_52,0.003743,RBD mAbs
483,V,W,mAb_52,0.5221,RBD mAbs
483,V,Y,mAb_52,-0.1705,RBD mAbs
484,A,-,mAb_52,0.26,RBD mAbs
484,A,C,mAb_52,0.659,RBD mAbs
484,A,D,mAb_52,0.03029,RBD mAbs
484,A,E,mAb_52,-0.02073,RBD mAbs
484,A,F,mAb_52,0.2845,RBD mAbs
484,A,G,mAb_52,0.3479,RBD mAbs
484,A,H,mAb_52,-0.001982,RBD mAbs
484,A,I,mAb_52,-0.05566,RBD mAbs
484,A,K,mAb_52,0.1746,RBD mAbs
484,A,L,mAb_52,0.01905,RBD mAbs
484,A,M,mAb_52,-0.003042,RBD mAbs
484,A,N,mAb_52,0.1528,RBD mAbs
484,A,P,mAb_52,0.6167,RBD mAbs
484,A,Q,mAb_52,0.005633,RBD mAbs
484,A,R,mAb_52,0.6584,RBD mAbs
484,A,S,mAb_52,-0.09813,RBD mAbs
484,A,T,mAb_52,-0.05495,RBD mAbs
484,A,V,mAb_52,-0.7154,RBD mAbs
484,A,W,mAb_52,0.008145,RBD mAbs
484,A,Y,mAb_52,0.838,RBD mAbs
485,G,-,mAb_52,0.2878,RBD mAbs
485,G,A,mAb_52,-0.00015,RBD mAbs
485,G,C,mAb_52,0.00939,RBD mAbs
485,G,D,mAb_52,0.5153,RBD mAbs
485,G,E,mAb_52,-0.08798,RBD mAbs
485,G,F,mAb_52,-0.2838,RBD mAbs
485,G,H,mAb_52,0.002432,RBD mAbs
485,G,I,mAb_52,0.009801,RBD mAbs
485,G,K,mAb_52,0.03572,RBD mAbs
485,G,L,mAb_52,0.05887,RBD mAbs
485,G,M,mAb_52,0.000894,RBD mAbs
485,G,N,mAb_52,-0.001793,RBD mAbs
485,G,P,mAb_52,-0.002356,RBD mAbs
485,G,Q,mAb_52,-0.01376,RBD mAbs
485,G,R,mAb_52,0.3558,RBD mAbs
485,G,S,mAb_52,-0.006023,RBD mAbs
485,G,T,mAb_52,-0.003591,RBD mAbs
485,G,V,mAb_52,0.1174,RBD mAbs
485,G,W,mAb_52,-0.09271,RBD mAbs
485,G,Y,mAb_52,0.02687,RBD mAbs
486,P,-,mAb_52,0.01461,RBD mAbs
486,P,A,mAb_52,0.216,RBD mAbs
486,P,C,mAb_52,-0.0476,RBD mAbs
486,P,D,mAb_52,-0.01098,RBD mAbs
486,P,E,mAb_52,-0.003402,RBD mAbs
486,P,F,mAb_52,-0.6565,RBD mAbs
486,P,G,mAb_52,-0.03061,RBD mAbs
486,P,H,mAb_52,-0.02149,RBD mAbs
486,P,I,mAb_52,-0.01113,RBD mAbs
486,P,K,mAb_52,-0.308,RBD mAbs
486,P,L,mAb_52,-0.1048,RBD mAbs
486,P,M,mAb_52,-0.002114,RBD mAbs
486,P,N,mAb_52,0.08476,RBD mAbs
486,P,Q,mAb_52,0.7276,RBD mAbs
486,P,R,mAb_52,0.01619,RBD mAbs
486,P,S,mAb_52,0.2441,RBD mAbs
486,P,T,mAb_52,-0.104,RBD mAbs
486,P,V,mAb_52,0.007824,RBD mAbs
486,P,W,mAb_52,-0.003097,RBD mAbs
486,P,Y,mAb_52,-0.4803,RBD mAbs
487,N,A,mAb_52,0.5825,RBD mAbs
487,N,C,mAb_52,0.02497,RBD mAbs
487,N,D,mAb_52,0.3379,RBD mAbs
487,N,E,mAb_52,0.7645,RBD mAbs
487,N,F,mAb_52,0.3596,RBD mAbs
487,N,G,mAb_52,0.9344,RBD mAbs
487,N,H,mAb_52,1.178,RBD mAbs
487,N,I,mAb_52,0.6243,RBD mAbs
487,N,K,mAb_52,2.788,RBD mAbs
487,N,L,mAb_52,1.217,RBD mAbs
487,N,M,mAb_52,0.3963,RBD mAbs
487,N,P,mAb_52,2.933,RBD mAbs
487,N,Q,mAb_52,-0.06455,RBD mAbs
487,N,R,mAb_52,2.815,RBD mAbs
487,N,S,mAb_52,1.069,RBD mAbs
487,N,T,mAb_52,1.417,RBD mAbs
487,N,V,mAb_52,0.02591,RBD mAbs
487,N,W,mAb_52,0.6326,RBD mAbs
487,N,Y,mAb_52,1.336,RBD mAbs
488,C,A,mAb_52,3.335,RBD mAbs
488,C,G,mAb_52,3.545,RBD mAbs
488,C,M,mAb_52,2.737,RBD mAbs
488,C,Q,mAb_52,0.07481,RBD mAbs
488,C,R,mAb_52,3.782,RBD mAbs
488,C,S,mAb_52,2.935,RBD mAbs
488,C,T,mAb_52,5.271,RBD mAbs
488,C,V,mAb_52,6.47,RBD mAbs
489,Y,A,mAb_52,0.5381,RBD mAbs
489,Y,E,mAb_52,0.1457,RBD mAbs
489,Y,F,mAb_52,-0.7362,RBD mAbs
489,Y,G,mAb_52,0.001357,RBD mAbs
489,Y,H,mAb_52,0.4689,RBD mAbs
489,Y,I,mAb_52,-0.002365,RBD mAbs
489,Y,K,mAb_52,0.003089,RBD mAbs
489,Y,L,mAb_52,0.001523,RBD mAbs
489,Y,M,mAb_52,0.001322,RBD mAbs
489,Y,N,mAb_52,0.0006973,RBD mAbs
489,Y,P,mAb_52,0.01489,RBD mAbs
489,Y,Q,mAb_52,0.005318,RBD mAbs
489,Y,V,mAb_52,-0.0003889,RBD mAbs
489,Y,W,mAb_52,0.08822,RBD mAbs
490,F,A,mAb_52,0.03499,RBD mAbs
490,F,C,mAb_52,-0.009358,RBD mAbs
490,F,D,mAb_52,-0.0004871,RBD mAbs
490,F,E,mAb_52,0.01609,RBD mAbs
490,F,G,mAb_52,-0.08524,RBD mAbs
490,F,H,mAb_52,-0.0004581,RBD mAbs
490,F,I,mAb_52,-0.361,RBD mAbs
490,F,K,mAb_52,0.05679,RBD mAbs
490,F,L,mAb_52,0.9463,RBD mAbs
490,F,M,mAb_52,-0.03871,RBD mAbs
490,F,N,mAb_52,-0.01836,RBD mAbs
490,F,P,mAb_52,0.0002571,RBD mAbs
490,F,Q,mAb_52,-0.02504,RBD mAbs
490,F,R,mAb_52,-0.005767,RBD mAbs
490,F,S,mAb_52,-0.0006151,RBD mAbs
490,F,T,mAb_52,0.001482,RBD mAbs
490,F,V,mAb_52,-0.001216,RBD mAbs
490,F,W,mAb_52,0.007345,RBD mAbs
490,F,Y,mAb_52,0.09481,RBD mAbs
491,P,A,mAb_52,0.09939,RBD mAbs
491,P,C,mAb_52,0.0321,RBD mAbs
491,P,D,mAb_52,0.03292,RBD mAbs
491,P,E,mAb_52,0.7161,RBD mAbs
491,P,F,mAb_52,3.51,RBD mAbs
491,P,G,mAb_52,0.0312,RBD mAbs
491,P,H,mAb_52,2.445,RBD mAbs
491,P,I,mAb_52,0.953,RBD mAbs
491,P,K,mAb_52,3.137,RBD mAbs
491,P,L,mAb_52,4.987,RBD mAbs
491,P,M,mAb_52,2.305,RBD mAbs
491,P,N,mAb_52,0.03719,RBD mAbs
491,P,Q,mAb_52,1.588,RBD mAbs
491,P,S,mAb_52,0.4308,RBD mAbs
491,P,T,mAb_52,0.03573,RBD mAbs
491,P,V,mAb_52,0.02075,RBD mAbs
491,P,W,mAb_52,0.03343,RBD mAbs
492,L,C,mAb_52,0.0008073,RBD mAbs
492,L,F,mAb_52,0.08265,RBD mAbs
492,L,H,mAb_52,1.316,RBD mAbs
492,L,I,mAb_52,-0.006329,RBD mAbs
492,L,K,mAb_52,0.000521,RBD mAbs
492,L,M,mAb_52,-0.04493,RBD mAbs
492,L,N,mAb_52,0.001251,RBD mAbs
492,L,P,mAb_52,0.02192,RBD mAbs
492,L,Q,mAb_52,-0.7305,RBD mAbs
492,L,R,mAb_52,0.001303,RBD mAbs
492,L,T,mAb_52,0.02434,RBD mAbs
492,L,V,mAb_52,0.0007782,RBD mAbs
492,L,Y,mAb_52,0.2268,RBD mAbs
493,Q,C,mAb_52,-0.001169,RBD mAbs
493,Q,D,mAb_52,0.01134,RBD mAbs
493,Q,E,mAb_52,-0.00399,RBD mAbs
493,Q,F,mAb_52,-0.004412,RBD mAbs
493,Q,G,mAb_52,-0.0004349,RBD mAbs
493,Q,H,mAb_52,0.07685,RBD mAbs
493,Q,I,mAb_52,-0.4662,RBD mAbs
493,Q,K,mAb_52,0.5327,RBD mAbs
493,Q,L,mAb_52,-0.2723,RBD mAbs
493,Q,M,mAb_52,-0.0003398,RBD mAbs
493,Q,N,mAb_52,0.00631,RBD mAbs
493,Q,P,mAb_52,-0.000343,RBD mAbs
493,Q,R,mAb_52,0.08584,RBD mAbs
493,Q,S,mAb_52,-0.000779,RBD mAbs
493,Q,T,mAb_52,-0.01399,RBD mAbs
493,Q,V,mAb_52,-0.03667,RBD mAbs
493,Q,W,mAb_52,-0.003644,RBD mAbs
493,Q,Y,mAb_52,0.001836,RBD mAbs
494,S,A,mAb_52,-0.008662,RBD mAbs
494,S,C,mAb_52,0.02634,RBD mAbs
494,S,D,mAb_52,0.3473,RBD mAbs
494,S,E,mAb_52,3.401e-06,RBD mAbs
494,S,F,mAb_52,-0.1485,RBD mAbs
494,S,G,mAb_52,-0.004223,RBD mAbs
494,S,H,mAb_52,0.02459,RBD mAbs
494,S,I,mAb_52,-0.002454,RBD mAbs
494,S,K,mAb_52,-0.0006753,RBD mAbs
494,S,L,mAb_52,-0.0007977,RBD mAbs
494,S,M,mAb_52,-0.0118,RBD mAbs
494,S,N,mAb_52,-0.00818,RBD mAbs
494,S,P,mAb_52,-0.04202,RBD mAbs
494,S,Q,mAb_52,-0.03247,RBD mAbs
494,S,R,mAb_52,-0.0001035,RBD mAbs
494,S,T,mAb_52,-0.007984,RBD mAbs
494,S,V,mAb_52,0.000751,RBD mAbs
494,S,W,mAb_52,0.0001454,RBD mAbs
494,S,Y,mAb_52,-0.01357,RBD mAbs
495,Y,E,mAb_52,0.0026,RBD mAbs
495,Y,F,mAb_52,-0.001047,RBD mAbs
495,Y,G,mAb_52,0.0004723,RBD mAbs
495,Y,H,mAb_52,0.004376,RBD mAbs
495,Y,I,mAb_52,-0.003212,RBD mAbs
495,Y,L,mAb_52,0.0005026,RBD mAbs
495,Y,M,mAb_52,9.701e-05,RBD mAbs
495,Y,N,mAb_52,0.3023,RBD mAbs
495,Y,P,mAb_52,-4.837e-05,RBD mAbs
495,Y,Q,mAb_52,0.1496,RBD mAbs
495,Y,R,mAb_52,0.003006,RBD mAbs
495,Y,S,mAb_52,0.002794,RBD mAbs
495,Y,T,mAb_52,-0.2233,RBD mAbs
495,Y,V,mAb_52,0.0001107,RBD mAbs
495,Y,W,mAb_52,0.003754,RBD mAbs
496,G,A,mAb_52,-0.001869,RBD mAbs
496,G,C,mAb_52,-0.6474,RBD mAbs
496,G,D,mAb_52,0.05031,RBD mAbs
496,G,E,mAb_52,0.001761,RBD mAbs
496,G,F,mAb_52,-0.004509,RBD mAbs
496,G,H,mAb_52,0.008204,RBD mAbs
496,G,I,mAb_52,0.2248,RBD mAbs
496,G,K,mAb_52,0.0005017,RBD mAbs
496,G,L,mAb_52,-0.005017,RBD mAbs
496,G,M,mAb_52,-0.006179,RBD mAbs
496,G,N,mAb_52,-0.03261,RBD mAbs
496,G,P,mAb_52,-0.0008493,RBD mAbs
496,G,Q,mAb_52,-0.1276,RBD mAbs
496,G,R,mAb_52,0.1936,RBD mAbs
496,G,S,mAb_52,0.04446,RBD mAbs
496,G,T,mAb_52,-0.003221,RBD mAbs
496,G,V,mAb_52,0.3817,RBD mAbs
496,G,W,mAb_52,-0.07961,RBD mAbs
496,G,Y,mAb_52,0.0008219,RBD mAbs
497,F,A,mAb_52,0.1608,RBD mAbs
497,F,I,mAb_52,0.05433,RBD mAbs
497,F,L,mAb_52,0.0005693,RBD mAbs
497,F,M,mAb_52,0.113,RBD mAbs
497,F,N,mAb_52,0.009861,RBD mAbs
497,F,S,mAb_52,0.004741,RBD mAbs
497,F,T,mAb_52,0.01732,RBD mAbs
497,F,W,mAb_52,0.0006495,RBD mAbs
497,F,Y,mAb_52,0.0001461,RBD mAbs
498,R,E,mAb_52,-0.0002677,RBD mAbs
498,R,G,mAb_52,-0.02733,RBD mAbs
498,R,I,mAb_52,-0.003653,RBD mAbs
498,R,K,mAb_52,-0.001638,RBD mAbs
498,R,L,mAb_52,-0.003696,RBD mAbs
498,R,M,mAb_52,-0.008826,RBD mAbs
498,R,N,mAb_52,-0.003143,RBD mAbs
498,R,Q,mAb_52,0.04904,RBD mAbs
498,R,S,mAb_52,-0.001798,RBD mAbs
498,R,T,mAb_52,0.0005338,RBD mAbs
498,R,V,mAb_52,-0.03758,RBD mAbs
498,R,W,mAb_52,-0.005773,RBD mAbs
498,R,Y,mAb_52,0.0001281,RBD mAbs
499,P,A,mAb_52,0.0004219,RBD mAbs
499,P,D,mAb_52,0.03593,RBD mAbs
499,P,E,mAb_52,-0.0005394,RBD mAbs
499,P,F,mAb_52,0.00976,RBD mAbs
499,P,G,mAb_52,0.00197,RBD mAbs
499,P,H,mAb_52,0.1047,RBD mAbs
499,P,I,mAb_52,0.04066,RBD mAbs
499,P,K,mAb_52,-0.001603,RBD mAbs
499,P,L,mAb_52,0.2406,RBD mAbs
499,P,M,mAb_52,0.03617,RBD mAbs
499,P,N,mAb_52,-0.0006716,RBD mAbs
499,P,Q,mAb_52,0.00259,RBD mAbs
499,P,R,mAb_52,-0.1433,RBD mAbs
499,P,S,mAb_52,-0.0006977,RBD mAbs
499,P,T,mAb_52,0.0004123,RBD mAbs
499,P,V,mAb_52,0.002165,RBD mAbs
499,P,W,mAb_52,0.0006927,RBD mAbs
499,P,Y,mAb_52,0.1761,RBD mAbs
500,T,A,mAb_52,0.02605,RBD mAbs
500,T,C,mAb_52,-0.002835,RBD mAbs
500,T,D,mAb_52,-0.04358,RBD mAbs
500,T,E,mAb_52,-0.0002998,RBD mAbs
500,T,F,mAb_52,-0.006267,RBD mAbs
500,T,G,mAb_52,-0.03317,RBD mAbs
500,T,H,mAb_52,0.06571,RBD mAbs
500,T,I,mAb_52,-0.004641,RBD mAbs
500,T,K,mAb_52,0.002341,RBD mAbs
500,T,M,mAb_52,0.1417,RBD mAbs
500,T,N,mAb_52,-0.002037,RBD mAbs
500,T,P,mAb_52,0.1886,RBD mAbs
500,T,Q,mAb_52,-0.001166,RBD mAbs
500,T,R,mAb_52,-0.0321,RBD mAbs
500,T,S,mAb_52,-0.1804,RBD mAbs
500,T,V,mAb_52,-0.1036,RBD mAbs
500,T,Y,mAb_52,-0.002233,RBD mAbs
501,Y,A,mAb_52,0.5218,RBD mAbs
501,Y,C,mAb_52,0.19,RBD mAbs
501,Y,D,mAb_52,0.2845,RBD mAbs
501,Y,E,mAb_52,0.5728,RBD mAbs
501,Y,F,mAb_52,-0.2281,RBD mAbs
501,Y,H,mAb_52,0.9023,RBD mAbs
501,Y,I,mAb_52,0.5776,RBD mAbs
501,Y,K,mAb_52,-0.003718,RBD mAbs
501,Y,L,mAb_52,0.6689,RBD mAbs
501,Y,M,mAb_52,0.04069,RBD mAbs
501,Y,N,mAb_52,0.8874,RBD mAbs
501,Y,S,mAb_52,1.616,RBD mAbs
501,Y,T,mAb_52,1.315,RBD mAbs
501,Y,V,mAb_52,0.01515,RBD mAbs
501,Y,W,mAb_52,0.07569,RBD mAbs
502,G,A,mAb_52,0.6174,RBD mAbs
502,G,C,mAb_52,0.01531,RBD mAbs
502,G,D,mAb_52,0.1325,RBD mAbs
502,G,E,mAb_52,0.0005462,RBD mAbs
502,G,F,mAb_52,-0.01708,RBD mAbs
502,G,H,mAb_52,-0.01053,RBD mAbs
502,G,I,mAb_52,0.001777,RBD mAbs
502,G,P,mAb_52,0.0047,RBD mAbs
502,G,S,mAb_52,-0.002201,RBD mAbs
502,G,T,mAb_52,0.008049,RBD mAbs
502,G,V,mAb_52,0.000455,RBD mAbs
502,G,Y,mAb_52,0.00375,RBD mAbs
503,V,A,mAb_52,0.5068,RBD mAbs
503,V,C,mAb_52,-0.001276,RBD mAbs
503,V,D,mAb_52,-0.03168,RBD mAbs
503,V,E,mAb_52,-0.01443,RBD mAbs
503,V,F,mAb_52,0.1771,RBD mAbs
503,V,G,mAb_52,-0.001972,RBD mAbs
503,V,H,mAb_52,-0.001707,RBD mAbs
503,V,I,mAb_52,-0.003541,RBD mAbs
503,V,K,mAb_52,0.009049,RBD mAbs
503,V,L,mAb_52,-0.0006321,RBD mAbs
503,V,M,mAb_52,-0.009871,RBD mAbs
503,V,N,mAb_52,-0.001846,RBD mAbs
503,V,P,mAb_52,0.006504,RBD mAbs
503,V,Q,mAb_52,-0.1137,RBD mAbs
503,V,R,mAb_52,0.07614,RBD mAbs
503,V,S,mAb_52,-0.00107,RBD mAbs
503,V,T,mAb_52,0.02944,RBD mAbs
503,V,W,mAb_52,0.00323,RBD mAbs
503,V,Y,mAb_52,0.001427,RBD mAbs
504,G,A,mAb_52,-0.02331,RBD mAbs
504,G,C,mAb_52,0.07059,RBD mAbs
504,G,D,mAb_52,-0.264,RBD mAbs
504,G,E,mAb_52,0.1029,RBD mAbs
504,G,F,mAb_52,-0.006195,RBD mAbs
504,G,H,mAb_52,-0.0001162,RBD mAbs
504,G,I,mAb_52,0.1077,RBD mAbs
504,G,K,mAb_52,-0.000968,RBD mAbs
504,G,M,mAb_52,-0.0001621,RBD mAbs
504,G,N,mAb_52,-0.006087,RBD mAbs
504,G,P,mAb_52,-0.001418,RBD mAbs
504,G,R,mAb_52,-0.002236,RBD mAbs
504,G,S,mAb_52,0.03681,RBD mAbs
504,G,T,mAb_52,-0.001062,RBD mAbs
504,G,V,mAb_52,0.1234,RBD mAbs
504,G,W,mAb_52,-0.001591,RBD mAbs
504,G,Y,mAb_52,-0.0007928,RBD mAbs
505,H,A,mAb_52,0.8614,RBD mAbs
505,H,C,mAb_52,-0.0294,RBD mAbs
505,H,D,mAb_52,0.6721,RBD mAbs
505,H,E,mAb_52,0.9597,RBD mAbs
505,H,F,mAb_52,0.5868,RBD mAbs
505,H,G,mAb_52,0.5244,RBD mAbs
505,H,I,mAb_52,0.01305,RBD mAbs
505,H,K,mAb_52,0.5831,RBD mAbs
505,H,L,mAb_52,0.8209,RBD mAbs
505,H,M,mAb_52,0.009871,RBD mAbs
505,H,N,mAb_52,0.3486,RBD mAbs
505,H,Q,mAb_52,0.2679,RBD mAbs
505,H,R,mAb_52,0.529,RBD mAbs
505,H,S,mAb_52,-0.04626,RBD mAbs
505,H,T,mAb_52,0.8804,RBD mAbs
505,H,V,mAb_52,0.008602,RBD mAbs
505,H,W,mAb_52,0.0897,RBD mAbs
505,H,Y,mAb_52,-0.11,RBD mAbs
506,Q,A,mAb_52,0.004314,RBD mAbs
506,Q,E,mAb_52,0.128,RBD mAbs
506,Q,G,mAb_52,-0.009454,RBD mAbs
506,Q,H,mAb_52,0.4055,RBD mAbs
506,Q,I,mAb_52,-0.0009609,RBD mAbs
506,Q,K,mAb_52,0.001797,RBD mAbs
506,Q,L,mAb_52,-0.002808,RBD mAbs
506,Q,M,mAb_52,-0.01024,RBD mAbs
506,Q,N,mAb_52,-0.002831,RBD mAbs
506,Q,P,mAb_52,0.01067,RBD mAbs
506,Q,T,mAb_52,0.0005921,RBD mAbs
506,Q,V,mAb_52,0.000589,RBD mAbs
506,Q,W,mAb_52,-0.009344,RBD mAbs
506,Q,Y,mAb_52,0.0008886,RBD mAbs
507,P,A,mAb_52,-0.0006983,RBD mAbs
507,P,M,mAb_52,-0.0001957,RBD mAbs
507,P,S,mAb_52,-0.000799,RBD mAbs
508,Y,C,mAb_52,0.0003858,RBD mAbs
508,Y,F,mAb_52,0.09209,RBD mAbs
508,Y,N,mAb_52,-7.025e-05,RBD mAbs
509,R,K,mAb_52,-0.1374,RBD mAbs
510,V,A,mAb_52,0.004894,RBD mAbs
510,V,C,mAb_52,0.0005979,RBD mAbs
510,V,F,mAb_52,-0.001764,RBD mAbs
510,V,I,mAb_52,-0.01366,RBD mAbs
510,V,L,mAb_52,0.0475,RBD mAbs
510,V,M,mAb_52,-0.005316,RBD mAbs
511,V,A,mAb_52,0.3288,RBD mAbs
511,V,C,mAb_52,-0.00235,RBD mAbs
511,V,F,mAb_52,0.0009459,RBD mAbs
511,V,I,mAb_52,-0.005005,RBD mAbs
511,V,L,mAb_52,0.2306,RBD mAbs
511,V,M,mAb_52,-0.0003478,RBD mAbs
511,V,S,mAb_52,0.3212,RBD mAbs
511,V,T,mAb_52,-0.0008745,RBD mAbs
511,V,W,mAb_52,0.1585,RBD mAbs
512,V,C,mAb_52,-0.002387,RBD mAbs
512,V,I,mAb_52,0.0001829,RBD mAbs
512,V,S,mAb_52,0.0004932,RBD mAbs
513,L,A,mAb_52,0.0006988,RBD mAbs
513,L,C,mAb_52,9.404e-05,RBD mAbs
513,L,F,mAb_52,-0.1678,RBD mAbs
513,L,I,mAb_52,-0.02014,RBD mAbs
513,L,K,mAb_52,-0.04147,RBD mAbs
513,L,M,mAb_52,-0.1536,RBD mAbs
513,L,Q,mAb_52,0.0002465,RBD mAbs
513,L,S,mAb_52,0.618,RBD mAbs
513,L,V,mAb_52,-0.1728,RBD mAbs
513,L,W,mAb_52,0.1637,RBD mAbs
513,L,Y,mAb_52,-0.0001179,RBD mAbs
514,S,A,mAb_52,-0.0105,RBD mAbs
514,S,C,mAb_52,-0.009265,RBD mAbs
514,S,D,mAb_52,-0.005314,RBD mAbs
514,S,E,mAb_52,0.2845,RBD mAbs
514,S,F,mAb_52,-0.003108,RBD mAbs
514,S,G,mAb_52,0.06297,RBD mAbs
514,S,H,mAb_52,0.1443,RBD mAbs
514,S,I,mAb_52,-0.03809,RBD mAbs
514,S,K,mAb_52,0.1045,RBD mAbs
514,S,L,mAb_52,0.136,RBD mAbs
514,S,M,mAb_52,0.01982,RBD mAbs
514,S,N,mAb_52,0.2725,RBD mAbs
514,S,P,mAb_52,0.003884,RBD mAbs
514,S,Q,mAb_52,0.2786,RBD mAbs
514,S,R,mAb_52,-0.0009034,RBD mAbs
514,S,T,mAb_52,0.03369,RBD mAbs
514,S,V,mAb_52,0.000993,RBD mAbs
514,S,W,mAb_52,0.07124,RBD mAbs
514,S,Y,mAb_52,-0.1305,RBD mAbs
515,F,A,mAb_52,0.01214,RBD mAbs
515,F,C,mAb_52,-0.04806,RBD mAbs
515,F,D,mAb_52,0.0006146,RBD mAbs
515,F,E,mAb_52,0.0002236,RBD mAbs
515,F,G,mAb_52,-0.01181,RBD mAbs
515,F,H,mAb_52,-0.001259,RBD mAbs
515,F,I,mAb_52,0.0006933,RBD mAbs
515,F,L,mAb_52,0.003195,RBD mAbs
515,F,M,mAb_52,0.3172,RBD mAbs
515,F,N,mAb_52,-0.3305,RBD mAbs
515,F,P,mAb_52,0.0004682,RBD mAbs
515,F,S,mAb_52,-0.03957,RBD mAbs
515,F,T,mAb_52,0.03707,RBD mAbs
515,F,V,mAb_52,-0.003441,RBD mAbs
515,F,W,mAb_52,-0.05499,RBD mAbs
515,F,Y,mAb_52,-0.0008115,RBD mAbs
516,E,A,mAb_52,0.005917,RBD mAbs
516,E,C,mAb_52,-0.001034,RBD mAbs
516,E,D,mAb_52,-0.2683,RBD mAbs
516,E,F,mAb_52,0.005436,RBD mAbs
516,E,G,mAb_52,-0.06041,RBD mAbs
516,E,H,mAb_52,-0.1102,RBD mAbs
516,E,I,mAb_52,0.03856,RBD mAbs
516,E,K,mAb_52,0.1748,RBD mAbs
516,E,L,mAb_52,0.02166,RBD mAbs
516,E,M,mAb_52,0.05404,RBD mAbs
516,E,N,mAb_52,0.2834,RBD mAbs
516,E,P,mAb_52,0.001582,RBD mAbs
516,E,Q,mAb_52,0.05647,RBD mAbs
516,E,R,mAb_52,0.08544,RBD mAbs
516,E,S,mAb_52,-0.01094,RBD mAbs
516,E,T,mAb_52,0.1036,RBD mAbs
516,E,V,mAb_52,-0.08201,RBD mAbs
516,E,Y,mAb_52,-0.06403,RBD mAbs
517,L,A,mAb_52,-0.02254,RBD mAbs
517,L,C,mAb_52,-0.1149,RBD mAbs
517,L,D,mAb_52,0.005611,RBD mAbs
517,L,E,mAb_52,-0.01846,RBD mAbs
517,L,F,mAb_52,-0.04735,RBD mAbs
517,L,G,mAb_52,0.00348,RBD mAbs
517,L,H,mAb_52,-0.04421,RBD mAbs
517,L,I,mAb_52,0.004447,RBD mAbs
517,L,K,mAb_52,-0.0008866,RBD mAbs
517,L,M,mAb_52,-0.04328,RBD mAbs
517,L,N,mAb_52,0.05608,RBD mAbs
517,L,P,mAb_52,0.4104,RBD mAbs
517,L,Q,mAb_52,-0.1169,RBD mAbs
517,L,R,mAb_52,-0.01106,RBD mAbs
517,L,S,mAb_52,-0.0291,RBD mAbs
517,L,T,mAb_52,-0.1002,RBD mAbs
517,L,V,mAb_52,-0.7291,RBD mAbs
517,L,W,mAb_52,0.5753,RBD mAbs
517,L,Y,mAb_52,0.01246,RBD mAbs
518,L,A,mAb_52,-4.989e-05,RBD mAbs
518,L,C,mAb_52,0.044,RBD mAbs
518,L,D,mAb_52,-0.004969,RBD mAbs
518,L,E,mAb_52,0.2187,RBD mAbs
518,L,F,mAb_52,0.1275,RBD mAbs
518,L,G,mAb_52,-0.0002609,RBD mAbs
518,L,H,mAb_52,0.02323,RBD mAbs
518,L,I,mAb_52,0.23,RBD mAbs
518,L,K,mAb_52,-0.002357,RBD mAbs
518,L,M,mAb_52,0.2879,RBD mAbs
518,L,N,mAb_52,-0.01268,RBD mAbs
518,L,P,mAb_52,0.5214,RBD mAbs
518,L,Q,mAb_52,-0.02335,RBD mAbs
518,L,R,mAb_52,-0.004802,RBD mAbs
518,L,S,mAb_52,-0.2263,RBD mAbs
518,L,T,mAb_52,-0.07304,RBD mAbs
518,L,V,mAb_52,0.0445,RBD mAbs
518,L,W,mAb_52,0.008948,RBD mAbs
518,L,Y,mAb_52,0.2173,RBD mAbs
519,H,A,mAb_52,0.04933,RBD mAbs
519,H,C,mAb_52,-0.05568,RBD mAbs
519,H,D,mAb_52,0.0008409,RBD mAbs
519,H,E,mAb_52,0.1136,RBD mAbs
519,H,F,mAb_52,-0.007376,RBD mAbs
519,H,G,mAb_52,-0.003718,RBD mAbs
519,H,I,mAb_52,-0.05601,RBD mAbs
519,H,K,mAb_52,-0.2174,RBD mAbs
519,H,L,mAb_52,0.06488,RBD mAbs
519,H,M,mAb_52,0.01056,RBD mAbs
519,H,N,mAb_52,-0.1052,RBD mAbs
519,H,P,mAb_52,0.06354,RBD mAbs
519,H,Q,mAb_52,-0.02434,RBD mAbs
519,H,R,mAb_52,-0.162,RBD mAbs
519,H,S,mAb_52,0.06332,RBD mAbs
519,H,T,mAb_52,0.2108,RBD mAbs
519,H,V,mAb_52,-0.001961,RBD mAbs
519,H,W,mAb_52,-0.0004238,RBD mAbs
519,H,Y,mAb_52,0.3248,RBD mAbs
520,A,C,mAb_52,-9.586e-06,RBD mAbs
520,A,D,mAb_52,0.4763,RBD mAbs
520,A,E,mAb_52,0.001569,RBD mAbs
520,A,F,mAb_52,3.346e-05,RBD mAbs
520,A,G,mAb_52,0.07516,RBD mAbs
520,A,H,mAb_52,0.01114,RBD mAbs
520,A,I,mAb_52,-0.01746,RBD mAbs
520,A,L,mAb_52,-0.2219,RBD mAbs
520,A,M,mAb_52,-0.003175,RBD mAbs
520,A,N,mAb_52,-0.001072,RBD mAbs
520,A,P,mAb_52,0.0485,RBD mAbs
520,A,Q,mAb_52,-0.001658,RBD mAbs
520,A,S,mAb_52,0.1792,RBD mAbs
520,A,T,mAb_52,0.02537,RBD mAbs
520,A,V,mAb_52,-0.03229,RBD mAbs
520,A,W,mAb_52,0.02995,RBD mAbs
520,A,Y,mAb_52,0.1518,RBD mAbs
521,P,A,mAb_52,-0.128,RBD mAbs
521,P,C,mAb_52,-0.01321,RBD mAbs
521,P,D,mAb_52,0.002869,RBD mAbs
521,P,E,mAb_52,0.001711,RBD mAbs
521,P,F,mAb_52,-0.08637,RBD mAbs
521,P,G,mAb_52,0.2875,RBD mAbs
521,P,H,mAb_52,-0.02108,RBD mAbs
521,P,I,mAb_52,-0.008889,RBD mAbs
521,P,K,mAb_52,-0.1243,RBD mAbs
521,P,L,mAb_52,0.02142,RBD mAbs
521,P,M,mAb_52,-0.09582,RBD mAbs
521,P,N,mAb_52,-0.004975,RBD mAbs
521,P,Q,mAb_52,0.0105,RBD mAbs
521,P,R,mAb_52,-0.008069,RBD mAbs
521,P,S,mAb_52,0.449,RBD mAbs
521,P,T,mAb_52,0.1534,RBD mAbs
521,P,V,mAb_52,0.04989,RBD mAbs
521,P,W,mAb_52,0.2186,RBD mAbs
521,P,Y,mAb_52,-0.0771,RBD mAbs
522,A,C,mAb_52,-0.09085,RBD mAbs
522,A,D,mAb_52,-0.4109,RBD mAbs
522,A,E,mAb_52,-0.4351,RBD mAbs
522,A,F,mAb_52,-0.101,RBD mAbs
522,A,G,mAb_52,-0.4892,RBD mAbs
522,A,I,mAb_52,-0.02227,RBD mAbs
522,A,K,mAb_52,-0.1636,RBD mAbs
522,A,L,mAb_52,0.04954,RBD mAbs
522,A,M,mAb_52,-0.2048,RBD mAbs
522,A,N,mAb_52,-0.002157,RBD mAbs
522,A,P,mAb_52,0.01749,RBD mAbs
522,A,Q,mAb_52,-0.002247,RBD mAbs
522,A,R,mAb_52,0.0368,RBD mAbs
522,A,S,mAb_52,0.2116,RBD mAbs
522,A,T,mAb_52,-0.12,RBD mAbs
522,A,V,mAb_52,0.5658,RBD mAbs
522,A,W,mAb_52,0.4522,RBD mAbs
522,A,Y,mAb_52,-0.003477,RBD mAbs
523,T,A,mAb_52,-0.1336,RBD mAbs
523,T,C,mAb_52,0.1306,RBD mAbs
523,T,D,mAb_52,0.4414,RBD mAbs
523,T,E,mAb_52,0.5209,RBD mAbs
523,T,F,mAb_52,0.0004479,RBD mAbs
523,T,G,mAb_52,-0.01788,RBD mAbs
523,T,H,mAb_52,-0.6523,RBD mAbs
523,T,I,mAb_52,-0.2267,RBD mAbs
523,T,K,mAb_52,-0.07117,RBD mAbs
523,T,L,mAb_52,-2.097e-05,RBD mAbs
523,T,M,mAb_52,0.1687,RBD mAbs
523,T,N,mAb_52,-0.003192,RBD mAbs
523,T,P,mAb_52,-0.0192,RBD mAbs
523,T,Q,mAb_52,0.04493,RBD mAbs
523,T,R,mAb_52,0.01893,RBD mAbs
523,T,S,mAb_52,0.3262,RBD mAbs
523,T,V,mAb_52,-0.05453,RBD mAbs
523,T,W,mAb_52,0.01965,RBD mAbs
523,T,Y,mAb_52,0.01283,RBD mAbs
524,V,M,mAb_52,0.00451,RBD mAbs
525,C,F,mAb_52,0.1976,RBD mAbs
525,C,I,mAb_52,-0.004035,RBD mAbs
525,C,V,mAb_52,-0.0003499,RBD mAbs
525,C,W,mAb_52,-0.07736,RBD mAbs
525,C,Y,mAb_52,0.003957,RBD mAbs
526,G,A,mAb_52,0.02039,RBD mAbs
526,G,C,mAb_52,-0.0001365,RBD mAbs
526,G,P,mAb_52,-0.006377,RBD mAbs
526,G,R,mAb_52,0.003701,RBD mAbs
526,G,S,mAb_52,-0.023,RBD mAbs
526,G,Y,mAb_52,-0.358,RBD mAbs
527,P,A,mAb_52,-0.0173,RBD mAbs
527,P,C,mAb_52,-0.001065,RBD mAbs
527,P,D,mAb_52,0.005552,RBD mAbs
527,P,E,mAb_52,0.0122,RBD mAbs
527,P,G,mAb_52,-0.005425,RBD mAbs
527,P,H,mAb_52,0.001347,RBD mAbs
527,P,K,mAb_52,-0.02928,RBD mAbs
527,P,L,mAb_52,0.001216,RBD mAbs
527,P,M,mAb_52,0.02066,RBD mAbs
527,P,N,mAb_52,-0.07578,RBD mAbs
527,P,Q,mAb_52,-0.08771,RBD mAbs
527,P,R,mAb_52,0.001696,RBD mAbs
527,P,S,mAb_52,-0.001445,RBD mAbs
527,P,T,mAb_52,-0.02988,RBD mAbs
528,K,A,mAb_52,0.004144,RBD mAbs
528,K,C,mAb_52,0.3464,RBD mAbs
528,K,E,mAb_52,0.2679,RBD mAbs
528,K,F,mAb_52,0.001301,RBD mAbs
528,K,G,mAb_52,1.685e-05,RBD mAbs
528,K,H,mAb_52,0.0008247,RBD mAbs
528,K,I,mAb_52,0.2658,RBD mAbs
528,K,L,mAb_52,0.9762,RBD mAbs
528,K,M,mAb_52,0.1843,RBD mAbs
528,K,N,mAb_52,-0.001182,RBD mAbs
528,K,Q,mAb_52,0.05148,RBD mAbs
528,K,R,mAb_52,-0.04694,RBD mAbs
528,K,S,mAb_52,-0.03893,RBD mAbs
528,K,T,mAb_52,-0.1793,RBD mAbs
528,K,V,mAb_52,-0.1198,RBD mAbs
528,K,W,mAb_52,0.1616,RBD mAbs
528,K,Y,mAb_52,0.124,RBD mAbs
529,K,A,mAb_52,0.2378,RBD mAbs
529,K,C,mAb_52,0.1341,RBD mAbs
529,K,D,mAb_52,-0.004114,RBD mAbs
529,K,E,mAb_52,0.1002,RBD mAbs
529,K,F,mAb_52,9.422e-06,RBD mAbs
529,K,G,mAb_52,-0.02795,RBD mAbs
529,K,H,mAb_52,-0.002624,RBD mAbs
529,K,I,mAb_52,-0.009593,RBD mAbs
529,K,L,mAb_52,-0.1602,RBD mAbs
529,K,M,mAb_52,-0.03949,RBD mAbs
529,K,N,mAb_52,0.2873,RBD mAbs
529,K,P,mAb_52,-0.002667,RBD mAbs
529,K,Q,mAb_52,0.1117,RBD mAbs
529,K,R,mAb_52,-0.04297,RBD mAbs
529,K,S,mAb_52,-0.01315,RBD mAbs
529,K,T,mAb_52,0.03526,RBD mAbs
529,K,V,mAb_52,-0.09967,RBD mAbs
529,K,W,mAb_52,0.002735,RBD mAbs
529,K,Y,mAb_52,0.004765,RBD mAbs
530,S,A,mAb_52,-0.02173,RBD mAbs
530,S,C,mAb_52,-0.06853,RBD mAbs
530,S,G,mAb_52,0.2894,RBD mAbs
530,S,H,mAb_52,-0.0009098,RBD mAbs
530,S,I,mAb_52,-0.01838,RBD mAbs
530,S,K,mAb_52,-0.3208,RBD mAbs
530,S,L,mAb_52,0.0141,RBD mAbs
530,S,M,mAb_52,0.4829,RBD mAbs
530,S,N,mAb_52,-0.07033,RBD mAbs
530,S,P,mAb_52,0.006574,RBD mAbs
530,S,Q,mAb_52,0.06408,RBD mAbs
530,S,R,mAb_52,-0.008817,RBD mAbs
530,S,T,mAb_52,0.1793,RBD mAbs
530,S,V,mAb_52,-0.01555,RBD mAbs
530,S,W,mAb_52,-1.195e-05,RBD mAbs
531,T,A,mAb_52,-0.002744,RBD mAbs
531,T,D,mAb_52,-0.08678,RBD mAbs
531,T,I,mAb_52,0.001899,RBD mAbs
531,T,N,mAb_52,-0.2457,RBD mAbs
531,T,S,mAb_52,0.0007269,RBD mAbs
531,T,Y,mAb_52,0.02678,RBD mAbs
