reference_site,sequential_site,wildtype_aa,reference_aa,mutant_aa
331,1,N,N,A
331,1,N,N,C
331,1,N,N,D
331,1,N,N,E
331,1,N,N,F
331,1,N,N,G
331,1,N,N,H
331,1,N,N,I
331,1,N,N,K
331,1,N,N,L
331,1,N,N,M
331,1,N,N,P
331,1,N,N,Q
331,1,N,N,R
331,1,N,N,S
331,1,N,N,T
331,1,N,N,V
331,1,N,N,W
331,1,N,N,Y
332,2,I,I,A
332,2,I,I,C
332,2,I,I,D
332,2,I,I,E
332,2,I,I,F
332,2,I,I,G
332,2,I,I,H
332,2,I,I,K
332,2,I,I,L
332,2,I,I,M
332,2,I,I,N
332,2,I,I,P
332,2,I,I,Q
332,2,I,I,R
332,2,I,I,S
332,2,I,I,T
332,2,I,I,V
332,2,I,I,W
332,2,I,I,Y
333,3,T,T,A
333,3,T,T,C
333,3,T,T,D
333,3,T,T,E
333,3,T,T,F
333,3,T,T,G
333,3,T,T,H
333,3,T,T,I
333,3,T,T,K
333,3,T,T,L
333,3,T,T,M
333,3,T,T,N
333,3,T,T,P
333,3,T,T,Q
333,3,T,T,R
333,3,T,T,S
333,3,T,T,V
333,3,T,T,W
333,3,T,T,Y
334,4,N,N,A
334,4,N,N,C
334,4,N,N,D
334,4,N,N,E
334,4,N,N,F
334,4,N,N,G
334,4,N,N,H
334,4,N,N,I
334,4,N,N,K
334,4,N,N,L
334,4,N,N,M
334,4,N,N,P
334,4,N,N,Q
334,4,N,N,R
334,4,N,N,S
334,4,N,N,T
334,4,N,N,V
334,4,N,N,W
334,4,N,N,Y
335,5,L,L,A
335,5,L,L,C
335,5,L,L,D
335,5,L,L,E
335,5,L,L,F
335,5,L,L,G
335,5,L,L,H
335,5,L,L,I
335,5,L,L,K
335,5,L,L,M
335,5,L,L,N
335,5,L,L,P
335,5,L,L,Q
335,5,L,L,R
335,5,L,L,S
335,5,L,L,T
335,5,L,L,V
335,5,L,L,W
335,5,L,L,Y
336,6,C,C,A
336,6,C,C,D
336,6,C,C,E
336,6,C,C,F
336,6,C,C,G
336,6,C,C,H
336,6,C,C,I
336,6,C,C,K
336,6,C,C,L
336,6,C,C,M
336,6,C,C,N
336,6,C,C,P
336,6,C,C,Q
336,6,C,C,R
336,6,C,C,S
336,6,C,C,T
336,6,C,C,V
336,6,C,C,W
336,6,C,C,Y
337,7,P,P,A
337,7,P,P,C
337,7,P,P,D
337,7,P,P,E
337,7,P,P,F
337,7,P,P,G
337,7,P,P,H
337,7,P,P,I
337,7,P,P,K
337,7,P,P,L
337,7,P,P,M
337,7,P,P,N
337,7,P,P,Q
337,7,P,P,R
337,7,P,P,S
337,7,P,P,T
337,7,P,P,V
337,7,P,P,W
337,7,P,P,Y
338,8,F,F,A
338,8,F,F,C
338,8,F,F,D
338,8,F,F,E
338,8,F,F,G
338,8,F,F,H
338,8,F,F,I
338,8,F,F,K
338,8,F,F,L
338,8,F,F,M
338,8,F,F,N
338,8,F,F,P
338,8,F,F,Q
338,8,F,F,R
338,8,F,F,S
338,8,F,F,T
338,8,F,F,V
338,8,F,F,W
338,8,F,F,Y
339,9,H,G,A
339,9,H,G,C
339,9,H,G,D
339,9,H,G,E
339,9,H,G,F
339,9,H,G,G
339,9,H,G,I
339,9,H,G,K
339,9,H,G,L
339,9,H,G,M
339,9,H,G,N
339,9,H,G,P
339,9,H,G,Q
339,9,H,G,R
339,9,H,G,S
339,9,H,G,T
339,9,H,G,V
339,9,H,G,W
339,9,H,G,Y
340,10,E,E,A
340,10,E,E,C
340,10,E,E,D
340,10,E,E,F
340,10,E,E,G
340,10,E,E,H
340,10,E,E,I
340,10,E,E,K
340,10,E,E,L
340,10,E,E,M
340,10,E,E,N
340,10,E,E,P
340,10,E,E,Q
340,10,E,E,R
340,10,E,E,S
340,10,E,E,T
340,10,E,E,V
340,10,E,E,W
340,10,E,E,Y
341,11,V,V,A
341,11,V,V,C
341,11,V,V,D
341,11,V,V,E
341,11,V,V,F
341,11,V,V,G
341,11,V,V,H
341,11,V,V,I
341,11,V,V,K
341,11,V,V,L
341,11,V,V,M
341,11,V,V,N
341,11,V,V,P
341,11,V,V,Q
341,11,V,V,R
341,11,V,V,S
341,11,V,V,T
341,11,V,V,W
341,11,V,V,Y
342,12,F,F,-
342,12,F,F,A
342,12,F,F,C
342,12,F,F,D
342,12,F,F,E
342,12,F,F,G
342,12,F,F,H
342,12,F,F,I
342,12,F,F,K
342,12,F,F,L
342,12,F,F,M
342,12,F,F,N
342,12,F,F,P
342,12,F,F,Q
342,12,F,F,R
342,12,F,F,S
342,12,F,F,T
342,12,F,F,V
342,12,F,F,W
342,12,F,F,Y
343,13,N,N,-
343,13,N,N,A
343,13,N,N,C
343,13,N,N,D
343,13,N,N,E
343,13,N,N,F
343,13,N,N,G
343,13,N,N,H
343,13,N,N,I
343,13,N,N,K
343,13,N,N,L
343,13,N,N,M
343,13,N,N,P
343,13,N,N,Q
343,13,N,N,R
343,13,N,N,S
343,13,N,N,T
343,13,N,N,V
343,13,N,N,W
343,13,N,N,Y
344,14,A,A,-
344,14,A,A,C
344,14,A,A,D
344,14,A,A,E
344,14,A,A,F
344,14,A,A,G
344,14,A,A,H
344,14,A,A,I
344,14,A,A,K
344,14,A,A,L
344,14,A,A,M
344,14,A,A,N
344,14,A,A,P
344,14,A,A,Q
344,14,A,A,R
344,14,A,A,S
344,14,A,A,T
344,14,A,A,V
344,14,A,A,W
344,14,A,A,Y
345,15,T,T,-
345,15,T,T,A
345,15,T,T,C
345,15,T,T,D
345,15,T,T,E
345,15,T,T,F
345,15,T,T,G
345,15,T,T,H
345,15,T,T,I
345,15,T,T,K
345,15,T,T,L
345,15,T,T,M
345,15,T,T,N
345,15,T,T,P
345,15,T,T,Q
345,15,T,T,R
345,15,T,T,S
345,15,T,T,V
345,15,T,T,W
345,15,T,T,Y
346,16,T,R,-
346,16,T,R,A
346,16,T,R,C
346,16,T,R,D
346,16,T,R,E
346,16,T,R,F
346,16,T,R,G
346,16,T,R,H
346,16,T,R,I
346,16,T,R,K
346,16,T,R,L
346,16,T,R,M
346,16,T,R,N
346,16,T,R,P
346,16,T,R,Q
346,16,T,R,R
346,16,T,R,S
346,16,T,R,V
346,16,T,R,W
346,16,T,R,Y
347,17,F,F,-
347,17,F,F,A
347,17,F,F,C
347,17,F,F,D
347,17,F,F,E
347,17,F,F,G
347,17,F,F,H
347,17,F,F,I
347,17,F,F,K
347,17,F,F,L
347,17,F,F,M
347,17,F,F,N
347,17,F,F,P
347,17,F,F,Q
347,17,F,F,R
347,17,F,F,S
347,17,F,F,T
347,17,F,F,V
347,17,F,F,W
347,17,F,F,Y
348,18,A,A,-
348,18,A,A,C
348,18,A,A,D
348,18,A,A,E
348,18,A,A,F
348,18,A,A,G
348,18,A,A,H
348,18,A,A,I
348,18,A,A,K
348,18,A,A,L
348,18,A,A,M
348,18,A,A,N
348,18,A,A,P
348,18,A,A,Q
348,18,A,A,R
348,18,A,A,S
348,18,A,A,T
348,18,A,A,V
348,18,A,A,W
348,18,A,A,Y
349,19,S,S,-
349,19,S,S,A
349,19,S,S,C
349,19,S,S,D
349,19,S,S,E
349,19,S,S,F
349,19,S,S,G
349,19,S,S,H
349,19,S,S,I
349,19,S,S,K
349,19,S,S,L
349,19,S,S,M
349,19,S,S,N
349,19,S,S,P
349,19,S,S,Q
349,19,S,S,R
349,19,S,S,T
349,19,S,S,V
349,19,S,S,W
349,19,S,S,Y
350,20,V,V,A
350,20,V,V,C
350,20,V,V,D
350,20,V,V,E
350,20,V,V,F
350,20,V,V,G
350,20,V,V,H
350,20,V,V,I
350,20,V,V,K
350,20,V,V,L
350,20,V,V,M
350,20,V,V,N
350,20,V,V,P
350,20,V,V,Q
350,20,V,V,R
350,20,V,V,S
350,20,V,V,T
350,20,V,V,W
350,20,V,V,Y
351,21,Y,Y,A
351,21,Y,Y,C
351,21,Y,Y,D
351,21,Y,Y,E
351,21,Y,Y,F
351,21,Y,Y,G
351,21,Y,Y,H
351,21,Y,Y,I
351,21,Y,Y,K
351,21,Y,Y,L
351,21,Y,Y,M
351,21,Y,Y,N
351,21,Y,Y,P
351,21,Y,Y,Q
351,21,Y,Y,R
351,21,Y,Y,S
351,21,Y,Y,T
351,21,Y,Y,V
351,21,Y,Y,W
352,22,A,A,C
352,22,A,A,D
352,22,A,A,E
352,22,A,A,F
352,22,A,A,G
352,22,A,A,H
352,22,A,A,I
352,22,A,A,K
352,22,A,A,L
352,22,A,A,M
352,22,A,A,N
352,22,A,A,P
352,22,A,A,Q
352,22,A,A,R
352,22,A,A,S
352,22,A,A,T
352,22,A,A,V
352,22,A,A,W
352,22,A,A,Y
353,23,W,W,A
353,23,W,W,C
353,23,W,W,D
353,23,W,W,E
353,23,W,W,F
353,23,W,W,G
353,23,W,W,H
353,23,W,W,I
353,23,W,W,K
353,23,W,W,L
353,23,W,W,M
353,23,W,W,N
353,23,W,W,P
353,23,W,W,Q
353,23,W,W,R
353,23,W,W,S
353,23,W,W,T
353,23,W,W,V
353,23,W,W,Y
354,24,N,N,A
354,24,N,N,C
354,24,N,N,D
354,24,N,N,E
354,24,N,N,F
354,24,N,N,G
354,24,N,N,H
354,24,N,N,I
354,24,N,N,K
354,24,N,N,L
354,24,N,N,M
354,24,N,N,P
354,24,N,N,Q
354,24,N,N,R
354,24,N,N,S
354,24,N,N,T
354,24,N,N,V
354,24,N,N,W
354,24,N,N,Y
355,25,R,R,A
355,25,R,R,C
355,25,R,R,D
355,25,R,R,E
355,25,R,R,F
355,25,R,R,G
355,25,R,R,H
355,25,R,R,I
355,25,R,R,K
355,25,R,R,L
355,25,R,R,M
355,25,R,R,N
355,25,R,R,P
355,25,R,R,Q
355,25,R,R,S
355,25,R,R,T
355,25,R,R,V
355,25,R,R,W
355,25,R,R,Y
356,26,K,K,A
356,26,K,K,C
356,26,K,K,D
356,26,K,K,E
356,26,K,K,F
356,26,K,K,G
356,26,K,K,H
356,26,K,K,I
356,26,K,K,L
356,26,K,K,M
356,26,K,K,N
356,26,K,K,P
356,26,K,K,Q
356,26,K,K,R
356,26,K,K,S
356,26,K,K,T
356,26,K,K,V
356,26,K,K,W
356,26,K,K,Y
357,27,R,R,A
357,27,R,R,C
357,27,R,R,D
357,27,R,R,E
357,27,R,R,F
357,27,R,R,G
357,27,R,R,H
357,27,R,R,I
357,27,R,R,K
357,27,R,R,L
357,27,R,R,M
357,27,R,R,N
357,27,R,R,P
357,27,R,R,Q
357,27,R,R,S
357,27,R,R,T
357,27,R,R,V
357,27,R,R,W
357,27,R,R,Y
358,28,I,I,A
358,28,I,I,C
358,28,I,I,D
358,28,I,I,E
358,28,I,I,F
358,28,I,I,G
358,28,I,I,H
358,28,I,I,K
358,28,I,I,L
358,28,I,I,M
358,28,I,I,N
358,28,I,I,P
358,28,I,I,Q
358,28,I,I,R
358,28,I,I,S
358,28,I,I,T
358,28,I,I,V
358,28,I,I,W
358,28,I,I,Y
359,29,S,S,A
359,29,S,S,C
359,29,S,S,D
359,29,S,S,E
359,29,S,S,F
359,29,S,S,G
359,29,S,S,H
359,29,S,S,I
359,29,S,S,K
359,29,S,S,L
359,29,S,S,M
359,29,S,S,N
359,29,S,S,P
359,29,S,S,Q
359,29,S,S,R
359,29,S,S,T
359,29,S,S,V
359,29,S,S,W
359,29,S,S,Y
360,30,N,N,A
360,30,N,N,C
360,30,N,N,D
360,30,N,N,E
360,30,N,N,F
360,30,N,N,G
360,30,N,N,H
360,30,N,N,I
360,30,N,N,K
360,30,N,N,L
360,30,N,N,M
360,30,N,N,P
360,30,N,N,Q
360,30,N,N,R
360,30,N,N,S
360,30,N,N,T
360,30,N,N,V
360,30,N,N,W
360,30,N,N,Y
361,31,C,C,A
361,31,C,C,D
361,31,C,C,E
361,31,C,C,F
361,31,C,C,G
361,31,C,C,H
361,31,C,C,I
361,31,C,C,K
361,31,C,C,L
361,31,C,C,M
361,31,C,C,N
361,31,C,C,P
361,31,C,C,Q
361,31,C,C,R
361,31,C,C,S
361,31,C,C,T
361,31,C,C,V
361,31,C,C,W
361,31,C,C,Y
362,32,V,V,A
362,32,V,V,C
362,32,V,V,D
362,32,V,V,E
362,32,V,V,F
362,32,V,V,G
362,32,V,V,H
362,32,V,V,I
362,32,V,V,K
362,32,V,V,L
362,32,V,V,M
362,32,V,V,N
362,32,V,V,P
362,32,V,V,Q
362,32,V,V,R
362,32,V,V,S
362,32,V,V,T
362,32,V,V,W
362,32,V,V,Y
363,33,A,A,C
363,33,A,A,D
363,33,A,A,E
363,33,A,A,F
363,33,A,A,G
363,33,A,A,H
363,33,A,A,I
363,33,A,A,K
363,33,A,A,L
363,33,A,A,M
363,33,A,A,N
363,33,A,A,P
363,33,A,A,Q
363,33,A,A,R
363,33,A,A,S
363,33,A,A,T
363,33,A,A,V
363,33,A,A,W
363,33,A,A,Y
364,34,D,D,A
364,34,D,D,C
364,34,D,D,E
364,34,D,D,F
364,34,D,D,G
364,34,D,D,H
364,34,D,D,I
364,34,D,D,K
364,34,D,D,L
364,34,D,D,M
364,34,D,D,N
364,34,D,D,P
364,34,D,D,Q
364,34,D,D,R
364,34,D,D,S
364,34,D,D,T
364,34,D,D,V
364,34,D,D,W
364,34,D,D,Y
365,35,Y,Y,A
365,35,Y,Y,C
365,35,Y,Y,D
365,35,Y,Y,E
365,35,Y,Y,F
365,35,Y,Y,G
365,35,Y,Y,H
365,35,Y,Y,I
365,35,Y,Y,K
365,35,Y,Y,L
365,35,Y,Y,M
365,35,Y,Y,N
365,35,Y,Y,P
365,35,Y,Y,Q
365,35,Y,Y,R
365,35,Y,Y,S
365,35,Y,Y,T
365,35,Y,Y,V
365,35,Y,Y,W
366,36,S,S,A
366,36,S,S,C
366,36,S,S,D
366,36,S,S,E
366,36,S,S,F
366,36,S,S,G
366,36,S,S,H
366,36,S,S,I
366,36,S,S,K
366,36,S,S,L
366,36,S,S,M
366,36,S,S,N
366,36,S,S,P
366,36,S,S,Q
366,36,S,S,R
366,36,S,S,T
366,36,S,S,V
366,36,S,S,W
366,36,S,S,Y
367,37,V,V,A
367,37,V,V,C
367,37,V,V,D
367,37,V,V,E
367,37,V,V,F
367,37,V,V,G
367,37,V,V,H
367,37,V,V,I
367,37,V,V,K
367,37,V,V,L
367,37,V,V,M
367,37,V,V,N
367,37,V,V,P
367,37,V,V,Q
367,37,V,V,R
367,37,V,V,S
367,37,V,V,T
367,37,V,V,W
367,37,V,V,Y
368,38,I,L,A
368,38,I,L,C
368,38,I,L,D
368,38,I,L,E
368,38,I,L,F
368,38,I,L,G
368,38,I,L,H
368,38,I,L,K
368,38,I,L,L
368,38,I,L,M
368,38,I,L,N
368,38,I,L,P
368,38,I,L,Q
368,38,I,L,R
368,38,I,L,S
368,38,I,L,T
368,38,I,L,V
368,38,I,L,W
368,38,I,L,Y
369,39,Y,Y,A
369,39,Y,Y,C
369,39,Y,Y,D
369,39,Y,Y,E
369,39,Y,Y,F
369,39,Y,Y,G
369,39,Y,Y,H
369,39,Y,Y,I
369,39,Y,Y,K
369,39,Y,Y,L
369,39,Y,Y,M
369,39,Y,Y,N
369,39,Y,Y,P
369,39,Y,Y,Q
369,39,Y,Y,R
369,39,Y,Y,S
369,39,Y,Y,T
369,39,Y,Y,V
369,39,Y,Y,W
370,40,N,N,A
370,40,N,N,C
370,40,N,N,D
370,40,N,N,E
370,40,N,N,F
370,40,N,N,G
370,40,N,N,H
370,40,N,N,I
370,40,N,N,K
370,40,N,N,L
370,40,N,N,M
370,40,N,N,P
370,40,N,N,Q
370,40,N,N,R
370,40,N,N,S
370,40,N,N,T
370,40,N,N,V
370,40,N,N,W
370,40,N,N,Y
371,41,F,S,A
371,41,F,S,C
371,41,F,S,D
371,41,F,S,E
371,41,F,S,G
371,41,F,S,H
371,41,F,S,I
371,41,F,S,K
371,41,F,S,L
371,41,F,S,M
371,41,F,S,N
371,41,F,S,P
371,41,F,S,Q
371,41,F,S,R
371,41,F,S,S
371,41,F,S,T
371,41,F,S,V
371,41,F,S,W
371,41,F,S,Y
372,42,A,A,C
372,42,A,A,D
372,42,A,A,E
372,42,A,A,F
372,42,A,A,G
372,42,A,A,H
372,42,A,A,I
372,42,A,A,K
372,42,A,A,L
372,42,A,A,M
372,42,A,A,N
372,42,A,A,P
372,42,A,A,Q
372,42,A,A,R
372,42,A,A,S
372,42,A,A,T
372,42,A,A,V
372,42,A,A,W
372,42,A,A,Y
373,43,P,S,A
373,43,P,S,C
373,43,P,S,D
373,43,P,S,E
373,43,P,S,F
373,43,P,S,G
373,43,P,S,H
373,43,P,S,I
373,43,P,S,K
373,43,P,S,L
373,43,P,S,M
373,43,P,S,N
373,43,P,S,Q
373,43,P,S,R
373,43,P,S,S
373,43,P,S,T
373,43,P,S,V
373,43,P,S,W
373,43,P,S,Y
374,44,F,F,A
374,44,F,F,C
374,44,F,F,D
374,44,F,F,E
374,44,F,F,G
374,44,F,F,H
374,44,F,F,I
374,44,F,F,K
374,44,F,F,L
374,44,F,F,M
374,44,F,F,N
374,44,F,F,P
374,44,F,F,Q
374,44,F,F,R
374,44,F,F,S
374,44,F,F,T
374,44,F,F,V
374,44,F,F,W
374,44,F,F,Y
375,45,F,S,A
375,45,F,S,C
375,45,F,S,D
375,45,F,S,E
375,45,F,S,G
375,45,F,S,H
375,45,F,S,I
375,45,F,S,K
375,45,F,S,L
375,45,F,S,M
375,45,F,S,N
375,45,F,S,P
375,45,F,S,Q
375,45,F,S,R
375,45,F,S,S
375,45,F,S,T
375,45,F,S,V
375,45,F,S,W
375,45,F,S,Y
376,46,A,T,C
376,46,A,T,D
376,46,A,T,E
376,46,A,T,F
376,46,A,T,G
376,46,A,T,H
376,46,A,T,I
376,46,A,T,K
376,46,A,T,L
376,46,A,T,M
376,46,A,T,N
376,46,A,T,P
376,46,A,T,Q
376,46,A,T,R
376,46,A,T,S
376,46,A,T,T
376,46,A,T,V
376,46,A,T,W
376,46,A,T,Y
377,47,F,F,A
377,47,F,F,C
377,47,F,F,D
377,47,F,F,E
377,47,F,F,G
377,47,F,F,H
377,47,F,F,I
377,47,F,F,K
377,47,F,F,L
377,47,F,F,M
377,47,F,F,N
377,47,F,F,P
377,47,F,F,Q
377,47,F,F,R
377,47,F,F,S
377,47,F,F,T
377,47,F,F,V
377,47,F,F,W
377,47,F,F,Y
378,48,K,K,A
378,48,K,K,C
378,48,K,K,D
378,48,K,K,E
378,48,K,K,F
378,48,K,K,G
378,48,K,K,H
378,48,K,K,I
378,48,K,K,L
378,48,K,K,M
378,48,K,K,N
378,48,K,K,P
378,48,K,K,Q
378,48,K,K,R
378,48,K,K,S
378,48,K,K,T
378,48,K,K,V
378,48,K,K,W
378,48,K,K,Y
379,49,C,C,A
379,49,C,C,D
379,49,C,C,E
379,49,C,C,F
379,49,C,C,G
379,49,C,C,H
379,49,C,C,I
379,49,C,C,K
379,49,C,C,L
379,49,C,C,M
379,49,C,C,N
379,49,C,C,P
379,49,C,C,Q
379,49,C,C,R
379,49,C,C,S
379,49,C,C,T
379,49,C,C,V
379,49,C,C,W
379,49,C,C,Y
380,50,Y,Y,A
380,50,Y,Y,C
380,50,Y,Y,D
380,50,Y,Y,E
380,50,Y,Y,F
380,50,Y,Y,G
380,50,Y,Y,H
380,50,Y,Y,I
380,50,Y,Y,K
380,50,Y,Y,L
380,50,Y,Y,M
380,50,Y,Y,N
380,50,Y,Y,P
380,50,Y,Y,Q
380,50,Y,Y,R
380,50,Y,Y,S
380,50,Y,Y,T
380,50,Y,Y,V
380,50,Y,Y,W
381,51,G,G,A
381,51,G,G,C
381,51,G,G,D
381,51,G,G,E
381,51,G,G,F
381,51,G,G,H
381,51,G,G,I
381,51,G,G,K
381,51,G,G,L
381,51,G,G,M
381,51,G,G,N
381,51,G,G,P
381,51,G,G,Q
381,51,G,G,R
381,51,G,G,S
381,51,G,G,T
381,51,G,G,V
381,51,G,G,W
381,51,G,G,Y
382,52,V,V,A
382,52,V,V,C
382,52,V,V,D
382,52,V,V,E
382,52,V,V,F
382,52,V,V,G
382,52,V,V,H
382,52,V,V,I
382,52,V,V,K
382,52,V,V,L
382,52,V,V,M
382,52,V,V,N
382,52,V,V,P
382,52,V,V,Q
382,52,V,V,R
382,52,V,V,S
382,52,V,V,T
382,52,V,V,W
382,52,V,V,Y
383,53,S,S,A
383,53,S,S,C
383,53,S,S,D
383,53,S,S,E
383,53,S,S,F
383,53,S,S,G
383,53,S,S,H
383,53,S,S,I
383,53,S,S,K
383,53,S,S,L
383,53,S,S,M
383,53,S,S,N
383,53,S,S,P
383,53,S,S,Q
383,53,S,S,R
383,53,S,S,T
383,53,S,S,V
383,53,S,S,W
383,53,S,S,Y
384,54,P,P,A
384,54,P,P,C
384,54,P,P,D
384,54,P,P,E
384,54,P,P,F
384,54,P,P,G
384,54,P,P,H
384,54,P,P,I
384,54,P,P,K
384,54,P,P,L
384,54,P,P,M
384,54,P,P,N
384,54,P,P,Q
384,54,P,P,R
384,54,P,P,S
384,54,P,P,T
384,54,P,P,V
384,54,P,P,W
384,54,P,P,Y
385,55,T,T,A
385,55,T,T,C
385,55,T,T,D
385,55,T,T,E
385,55,T,T,F
385,55,T,T,G
385,55,T,T,H
385,55,T,T,I
385,55,T,T,K
385,55,T,T,L
385,55,T,T,M
385,55,T,T,N
385,55,T,T,P
385,55,T,T,Q
385,55,T,T,R
385,55,T,T,S
385,55,T,T,V
385,55,T,T,W
385,55,T,T,Y
386,56,K,K,A
386,56,K,K,C
386,56,K,K,D
386,56,K,K,E
386,56,K,K,F
386,56,K,K,G
386,56,K,K,H
386,56,K,K,I
386,56,K,K,L
386,56,K,K,M
386,56,K,K,N
386,56,K,K,P
386,56,K,K,Q
386,56,K,K,R
386,56,K,K,S
386,56,K,K,T
386,56,K,K,V
386,56,K,K,W
386,56,K,K,Y
387,57,L,L,A
387,57,L,L,C
387,57,L,L,D
387,57,L,L,E
387,57,L,L,F
387,57,L,L,G
387,57,L,L,H
387,57,L,L,I
387,57,L,L,K
387,57,L,L,M
387,57,L,L,N
387,57,L,L,P
387,57,L,L,Q
387,57,L,L,R
387,57,L,L,S
387,57,L,L,T
387,57,L,L,V
387,57,L,L,W
387,57,L,L,Y
388,58,N,N,A
388,58,N,N,C
388,58,N,N,D
388,58,N,N,E
388,58,N,N,F
388,58,N,N,G
388,58,N,N,H
388,58,N,N,I
388,58,N,N,K
388,58,N,N,L
388,58,N,N,M
388,58,N,N,P
388,58,N,N,Q
388,58,N,N,R
388,58,N,N,S
388,58,N,N,T
388,58,N,N,V
388,58,N,N,W
388,58,N,N,Y
389,59,D,D,A
389,59,D,D,C
389,59,D,D,E
389,59,D,D,F
389,59,D,D,G
389,59,D,D,H
389,59,D,D,I
389,59,D,D,K
389,59,D,D,L
389,59,D,D,M
389,59,D,D,N
389,59,D,D,P
389,59,D,D,Q
389,59,D,D,R
389,59,D,D,S
389,59,D,D,T
389,59,D,D,V
389,59,D,D,W
389,59,D,D,Y
390,60,L,L,A
390,60,L,L,C
390,60,L,L,D
390,60,L,L,E
390,60,L,L,F
390,60,L,L,G
390,60,L,L,H
390,60,L,L,I
390,60,L,L,K
390,60,L,L,M
390,60,L,L,N
390,60,L,L,P
390,60,L,L,Q
390,60,L,L,R
390,60,L,L,S
390,60,L,L,T
390,60,L,L,V
390,60,L,L,W
390,60,L,L,Y
391,61,C,C,A
391,61,C,C,D
391,61,C,C,E
391,61,C,C,F
391,61,C,C,G
391,61,C,C,H
391,61,C,C,I
391,61,C,C,K
391,61,C,C,L
391,61,C,C,M
391,61,C,C,N
391,61,C,C,P
391,61,C,C,Q
391,61,C,C,R
391,61,C,C,S
391,61,C,C,T
391,61,C,C,V
391,61,C,C,W
391,61,C,C,Y
392,62,F,F,A
392,62,F,F,C
392,62,F,F,D
392,62,F,F,E
392,62,F,F,G
392,62,F,F,H
392,62,F,F,I
392,62,F,F,K
392,62,F,F,L
392,62,F,F,M
392,62,F,F,N
392,62,F,F,P
392,62,F,F,Q
392,62,F,F,R
392,62,F,F,S
392,62,F,F,T
392,62,F,F,V
392,62,F,F,W
392,62,F,F,Y
393,63,T,T,A
393,63,T,T,C
393,63,T,T,D
393,63,T,T,E
393,63,T,T,F
393,63,T,T,G
393,63,T,T,H
393,63,T,T,I
393,63,T,T,K
393,63,T,T,L
393,63,T,T,M
393,63,T,T,N
393,63,T,T,P
393,63,T,T,Q
393,63,T,T,R
393,63,T,T,S
393,63,T,T,V
393,63,T,T,W
393,63,T,T,Y
394,64,N,N,A
394,64,N,N,C
394,64,N,N,D
394,64,N,N,E
394,64,N,N,F
394,64,N,N,G
394,64,N,N,H
394,64,N,N,I
394,64,N,N,K
394,64,N,N,L
394,64,N,N,M
394,64,N,N,P
394,64,N,N,Q
394,64,N,N,R
394,64,N,N,S
394,64,N,N,T
394,64,N,N,V
394,64,N,N,W
394,64,N,N,Y
395,65,V,V,A
395,65,V,V,C
395,65,V,V,D
395,65,V,V,E
395,65,V,V,F
395,65,V,V,G
395,65,V,V,H
395,65,V,V,I
395,65,V,V,K
395,65,V,V,L
395,65,V,V,M
395,65,V,V,N
395,65,V,V,P
395,65,V,V,Q
395,65,V,V,R
395,65,V,V,S
395,65,V,V,T
395,65,V,V,W
395,65,V,V,Y
396,66,Y,Y,A
396,66,Y,Y,C
396,66,Y,Y,D
396,66,Y,Y,E
396,66,Y,Y,F
396,66,Y,Y,G
396,66,Y,Y,H
396,66,Y,Y,I
396,66,Y,Y,K
396,66,Y,Y,L
396,66,Y,Y,M
396,66,Y,Y,N
396,66,Y,Y,P
396,66,Y,Y,Q
396,66,Y,Y,R
396,66,Y,Y,S
396,66,Y,Y,T
396,66,Y,Y,V
396,66,Y,Y,W
397,67,A,A,C
397,67,A,A,D
397,67,A,A,E
397,67,A,A,F
397,67,A,A,G
397,67,A,A,H
397,67,A,A,I
397,67,A,A,K
397,67,A,A,L
397,67,A,A,M
397,67,A,A,N
397,67,A,A,P
397,67,A,A,Q
397,67,A,A,R
397,67,A,A,S
397,67,A,A,T
397,67,A,A,V
397,67,A,A,W
397,67,A,A,Y
398,68,D,D,A
398,68,D,D,C
398,68,D,D,E
398,68,D,D,F
398,68,D,D,G
398,68,D,D,H
398,68,D,D,I
398,68,D,D,K
398,68,D,D,L
398,68,D,D,M
398,68,D,D,N
398,68,D,D,P
398,68,D,D,Q
398,68,D,D,R
398,68,D,D,S
398,68,D,D,T
398,68,D,D,V
398,68,D,D,W
398,68,D,D,Y
399,69,S,S,A
399,69,S,S,C
399,69,S,S,D
399,69,S,S,E
399,69,S,S,F
399,69,S,S,G
399,69,S,S,H
399,69,S,S,I
399,69,S,S,K
399,69,S,S,L
399,69,S,S,M
399,69,S,S,N
399,69,S,S,P
399,69,S,S,Q
399,69,S,S,R
399,69,S,S,T
399,69,S,S,V
399,69,S,S,W
399,69,S,S,Y
400,70,F,F,A
400,70,F,F,C
400,70,F,F,D
400,70,F,F,E
400,70,F,F,G
400,70,F,F,H
400,70,F,F,I
400,70,F,F,K
400,70,F,F,L
400,70,F,F,M
400,70,F,F,N
400,70,F,F,P
400,70,F,F,Q
400,70,F,F,R
400,70,F,F,S
400,70,F,F,T
400,70,F,F,V
400,70,F,F,W
400,70,F,F,Y
401,71,V,V,A
401,71,V,V,C
401,71,V,V,D
401,71,V,V,E
401,71,V,V,F
401,71,V,V,G
401,71,V,V,H
401,71,V,V,I
401,71,V,V,K
401,71,V,V,L
401,71,V,V,M
401,71,V,V,N
401,71,V,V,P
401,71,V,V,Q
401,71,V,V,R
401,71,V,V,S
401,71,V,V,T
401,71,V,V,W
401,71,V,V,Y
402,72,I,I,A
402,72,I,I,C
402,72,I,I,D
402,72,I,I,E
402,72,I,I,F
402,72,I,I,G
402,72,I,I,H
402,72,I,I,K
402,72,I,I,L
402,72,I,I,M
402,72,I,I,N
402,72,I,I,P
402,72,I,I,Q
402,72,I,I,R
402,72,I,I,S
402,72,I,I,T
402,72,I,I,V
402,72,I,I,W
402,72,I,I,Y
403,73,R,R,A
403,73,R,R,C
403,73,R,R,D
403,73,R,R,E
403,73,R,R,F
403,73,R,R,G
403,73,R,R,H
403,73,R,R,I
403,73,R,R,K
403,73,R,R,L
403,73,R,R,M
403,73,R,R,N
403,73,R,R,P
403,73,R,R,Q
403,73,R,R,S
403,73,R,R,T
403,73,R,R,V
403,73,R,R,W
403,73,R,R,Y
404,74,G,G,A
404,74,G,G,C
404,74,G,G,D
404,74,G,G,E
404,74,G,G,F
404,74,G,G,H
404,74,G,G,I
404,74,G,G,K
404,74,G,G,L
404,74,G,G,M
404,74,G,G,N
404,74,G,G,P
404,74,G,G,Q
404,74,G,G,R
404,74,G,G,S
404,74,G,G,T
404,74,G,G,V
404,74,G,G,W
404,74,G,G,Y
405,75,N,D,A
405,75,N,D,C
405,75,N,D,D
405,75,N,D,E
405,75,N,D,F
405,75,N,D,G
405,75,N,D,H
405,75,N,D,I
405,75,N,D,K
405,75,N,D,L
405,75,N,D,M
405,75,N,D,P
405,75,N,D,Q
405,75,N,D,R
405,75,N,D,S
405,75,N,D,T
405,75,N,D,V
405,75,N,D,W
405,75,N,D,Y
406,76,E,E,A
406,76,E,E,C
406,76,E,E,D
406,76,E,E,F
406,76,E,E,G
406,76,E,E,H
406,76,E,E,I
406,76,E,E,K
406,76,E,E,L
406,76,E,E,M
406,76,E,E,N
406,76,E,E,P
406,76,E,E,Q
406,76,E,E,R
406,76,E,E,S
406,76,E,E,T
406,76,E,E,V
406,76,E,E,W
406,76,E,E,Y
407,77,V,V,A
407,77,V,V,C
407,77,V,V,D
407,77,V,V,E
407,77,V,V,F
407,77,V,V,G
407,77,V,V,H
407,77,V,V,I
407,77,V,V,K
407,77,V,V,L
407,77,V,V,M
407,77,V,V,N
407,77,V,V,P
407,77,V,V,Q
407,77,V,V,R
407,77,V,V,S
407,77,V,V,T
407,77,V,V,W
407,77,V,V,Y
408,78,S,R,A
408,78,S,R,C
408,78,S,R,D
408,78,S,R,E
408,78,S,R,F
408,78,S,R,G
408,78,S,R,H
408,78,S,R,I
408,78,S,R,K
408,78,S,R,L
408,78,S,R,M
408,78,S,R,N
408,78,S,R,P
408,78,S,R,Q
408,78,S,R,R
408,78,S,R,T
408,78,S,R,V
408,78,S,R,W
408,78,S,R,Y
409,79,Q,Q,A
409,79,Q,Q,C
409,79,Q,Q,D
409,79,Q,Q,E
409,79,Q,Q,F
409,79,Q,Q,G
409,79,Q,Q,H
409,79,Q,Q,I
409,79,Q,Q,K
409,79,Q,Q,L
409,79,Q,Q,M
409,79,Q,Q,N
409,79,Q,Q,P
409,79,Q,Q,R
409,79,Q,Q,S
409,79,Q,Q,T
409,79,Q,Q,V
409,79,Q,Q,W
409,79,Q,Q,Y
410,80,I,I,A
410,80,I,I,C
410,80,I,I,D
410,80,I,I,E
410,80,I,I,F
410,80,I,I,G
410,80,I,I,H
410,80,I,I,K
410,80,I,I,L
410,80,I,I,M
410,80,I,I,N
410,80,I,I,P
410,80,I,I,Q
410,80,I,I,R
410,80,I,I,S
410,80,I,I,T
410,80,I,I,V
410,80,I,I,W
410,80,I,I,Y
411,81,A,A,C
411,81,A,A,D
411,81,A,A,E
411,81,A,A,F
411,81,A,A,G
411,81,A,A,H
411,81,A,A,I
411,81,A,A,K
411,81,A,A,L
411,81,A,A,M
411,81,A,A,N
411,81,A,A,P
411,81,A,A,Q
411,81,A,A,R
411,81,A,A,S
411,81,A,A,T
411,81,A,A,V
411,81,A,A,W
411,81,A,A,Y
412,82,P,P,A
412,82,P,P,C
412,82,P,P,D
412,82,P,P,E
412,82,P,P,F
412,82,P,P,G
412,82,P,P,H
412,82,P,P,I
412,82,P,P,K
412,82,P,P,L
412,82,P,P,M
412,82,P,P,N
412,82,P,P,Q
412,82,P,P,R
412,82,P,P,S
412,82,P,P,T
412,82,P,P,V
412,82,P,P,W
412,82,P,P,Y
413,83,G,G,A
413,83,G,G,C
413,83,G,G,D
413,83,G,G,E
413,83,G,G,F
413,83,G,G,H
413,83,G,G,I
413,83,G,G,K
413,83,G,G,L
413,83,G,G,M
413,83,G,G,N
413,83,G,G,P
413,83,G,G,Q
413,83,G,G,R
413,83,G,G,S
413,83,G,G,T
413,83,G,G,V
413,83,G,G,W
413,83,G,G,Y
414,84,Q,Q,A
414,84,Q,Q,C
414,84,Q,Q,D
414,84,Q,Q,E
414,84,Q,Q,F
414,84,Q,Q,G
414,84,Q,Q,H
414,84,Q,Q,I
414,84,Q,Q,K
414,84,Q,Q,L
414,84,Q,Q,M
414,84,Q,Q,N
414,84,Q,Q,P
414,84,Q,Q,R
414,84,Q,Q,S
414,84,Q,Q,T
414,84,Q,Q,V
414,84,Q,Q,W
414,84,Q,Q,Y
415,85,T,T,A
415,85,T,T,C
415,85,T,T,D
415,85,T,T,E
415,85,T,T,F
415,85,T,T,G
415,85,T,T,H
415,85,T,T,I
415,85,T,T,K
415,85,T,T,L
415,85,T,T,M
415,85,T,T,N
415,85,T,T,P
415,85,T,T,Q
415,85,T,T,R
415,85,T,T,S
415,85,T,T,V
415,85,T,T,W
415,85,T,T,Y
416,86,G,G,A
416,86,G,G,C
416,86,G,G,D
416,86,G,G,E
416,86,G,G,F
416,86,G,G,H
416,86,G,G,I
416,86,G,G,K
416,86,G,G,L
416,86,G,G,M
416,86,G,G,N
416,86,G,G,P
416,86,G,G,Q
416,86,G,G,R
416,86,G,G,S
416,86,G,G,T
416,86,G,G,V
416,86,G,G,W
416,86,G,G,Y
417,87,N,K,A
417,87,N,K,C
417,87,N,K,D
417,87,N,K,E
417,87,N,K,F
417,87,N,K,G
417,87,N,K,H
417,87,N,K,I
417,87,N,K,K
417,87,N,K,L
417,87,N,K,M
417,87,N,K,P
417,87,N,K,Q
417,87,N,K,R
417,87,N,K,S
417,87,N,K,T
417,87,N,K,V
417,87,N,K,W
417,87,N,K,Y
418,88,I,I,A
418,88,I,I,C
418,88,I,I,D
418,88,I,I,E
418,88,I,I,F
418,88,I,I,G
418,88,I,I,H
418,88,I,I,K
418,88,I,I,L
418,88,I,I,M
418,88,I,I,N
418,88,I,I,P
418,88,I,I,Q
418,88,I,I,R
418,88,I,I,S
418,88,I,I,T
418,88,I,I,V
418,88,I,I,W
418,88,I,I,Y
419,89,A,A,C
419,89,A,A,D
419,89,A,A,E
419,89,A,A,F
419,89,A,A,G
419,89,A,A,H
419,89,A,A,I
419,89,A,A,K
419,89,A,A,L
419,89,A,A,M
419,89,A,A,N
419,89,A,A,P
419,89,A,A,Q
419,89,A,A,R
419,89,A,A,S
419,89,A,A,T
419,89,A,A,V
419,89,A,A,W
419,89,A,A,Y
420,90,D,D,A
420,90,D,D,C
420,90,D,D,E
420,90,D,D,F
420,90,D,D,G
420,90,D,D,H
420,90,D,D,I
420,90,D,D,K
420,90,D,D,L
420,90,D,D,M
420,90,D,D,N
420,90,D,D,P
420,90,D,D,Q
420,90,D,D,R
420,90,D,D,S
420,90,D,D,T
420,90,D,D,V
420,90,D,D,W
420,90,D,D,Y
421,91,Y,Y,A
421,91,Y,Y,C
421,91,Y,Y,D
421,91,Y,Y,E
421,91,Y,Y,F
421,91,Y,Y,G
421,91,Y,Y,H
421,91,Y,Y,I
421,91,Y,Y,K
421,91,Y,Y,L
421,91,Y,Y,M
421,91,Y,Y,N
421,91,Y,Y,P
421,91,Y,Y,Q
421,91,Y,Y,R
421,91,Y,Y,S
421,91,Y,Y,T
421,91,Y,Y,V
421,91,Y,Y,W
422,92,N,N,A
422,92,N,N,C
422,92,N,N,D
422,92,N,N,E
422,92,N,N,F
422,92,N,N,G
422,92,N,N,H
422,92,N,N,I
422,92,N,N,K
422,92,N,N,L
422,92,N,N,M
422,92,N,N,P
422,92,N,N,Q
422,92,N,N,R
422,92,N,N,S
422,92,N,N,T
422,92,N,N,V
422,92,N,N,W
422,92,N,N,Y
423,93,Y,Y,A
423,93,Y,Y,C
423,93,Y,Y,D
423,93,Y,Y,E
423,93,Y,Y,F
423,93,Y,Y,G
423,93,Y,Y,H
423,93,Y,Y,I
423,93,Y,Y,K
423,93,Y,Y,L
423,93,Y,Y,M
423,93,Y,Y,N
423,93,Y,Y,P
423,93,Y,Y,Q
423,93,Y,Y,R
423,93,Y,Y,S
423,93,Y,Y,T
423,93,Y,Y,V
423,93,Y,Y,W
424,94,K,K,A
424,94,K,K,C
424,94,K,K,D
424,94,K,K,E
424,94,K,K,F
424,94,K,K,G
424,94,K,K,H
424,94,K,K,I
424,94,K,K,L
424,94,K,K,M
424,94,K,K,N
424,94,K,K,P
424,94,K,K,Q
424,94,K,K,R
424,94,K,K,S
424,94,K,K,T
424,94,K,K,V
424,94,K,K,W
424,94,K,K,Y
425,95,L,L,A
425,95,L,L,C
425,95,L,L,D
425,95,L,L,E
425,95,L,L,F
425,95,L,L,G
425,95,L,L,H
425,95,L,L,I
425,95,L,L,K
425,95,L,L,M
425,95,L,L,N
425,95,L,L,P
425,95,L,L,Q
425,95,L,L,R
425,95,L,L,S
425,95,L,L,T
425,95,L,L,V
425,95,L,L,W
425,95,L,L,Y
426,96,P,P,A
426,96,P,P,C
426,96,P,P,D
426,96,P,P,E
426,96,P,P,F
426,96,P,P,G
426,96,P,P,H
426,96,P,P,I
426,96,P,P,K
426,96,P,P,L
426,96,P,P,M
426,96,P,P,N
426,96,P,P,Q
426,96,P,P,R
426,96,P,P,S
426,96,P,P,T
426,96,P,P,V
426,96,P,P,W
426,96,P,P,Y
427,97,D,D,A
427,97,D,D,C
427,97,D,D,E
427,97,D,D,F
427,97,D,D,G
427,97,D,D,H
427,97,D,D,I
427,97,D,D,K
427,97,D,D,L
427,97,D,D,M
427,97,D,D,N
427,97,D,D,P
427,97,D,D,Q
427,97,D,D,R
427,97,D,D,S
427,97,D,D,T
427,97,D,D,V
427,97,D,D,W
427,97,D,D,Y
428,98,D,D,A
428,98,D,D,C
428,98,D,D,E
428,98,D,D,F
428,98,D,D,G
428,98,D,D,H
428,98,D,D,I
428,98,D,D,K
428,98,D,D,L
428,98,D,D,M
428,98,D,D,N
428,98,D,D,P
428,98,D,D,Q
428,98,D,D,R
428,98,D,D,S
428,98,D,D,T
428,98,D,D,V
428,98,D,D,W
428,98,D,D,Y
429,99,F,F,A
429,99,F,F,C
429,99,F,F,D
429,99,F,F,E
429,99,F,F,G
429,99,F,F,H
429,99,F,F,I
429,99,F,F,K
429,99,F,F,L
429,99,F,F,M
429,99,F,F,N
429,99,F,F,P
429,99,F,F,Q
429,99,F,F,R
429,99,F,F,S
429,99,F,F,T
429,99,F,F,V
429,99,F,F,W
429,99,F,F,Y
430,100,T,T,A
430,100,T,T,C
430,100,T,T,D
430,100,T,T,E
430,100,T,T,F
430,100,T,T,G
430,100,T,T,H
430,100,T,T,I
430,100,T,T,K
430,100,T,T,L
430,100,T,T,M
430,100,T,T,N
430,100,T,T,P
430,100,T,T,Q
430,100,T,T,R
430,100,T,T,S
430,100,T,T,V
430,100,T,T,W
430,100,T,T,Y
431,101,G,G,A
431,101,G,G,C
431,101,G,G,D
431,101,G,G,E
431,101,G,G,F
431,101,G,G,H
431,101,G,G,I
431,101,G,G,K
431,101,G,G,L
431,101,G,G,M
431,101,G,G,N
431,101,G,G,P
431,101,G,G,Q
431,101,G,G,R
431,101,G,G,S
431,101,G,G,T
431,101,G,G,V
431,101,G,G,W
431,101,G,G,Y
432,102,C,C,A
432,102,C,C,D
432,102,C,C,E
432,102,C,C,F
432,102,C,C,G
432,102,C,C,H
432,102,C,C,I
432,102,C,C,K
432,102,C,C,L
432,102,C,C,M
432,102,C,C,N
432,102,C,C,P
432,102,C,C,Q
432,102,C,C,R
432,102,C,C,S
432,102,C,C,T
432,102,C,C,V
432,102,C,C,W
432,102,C,C,Y
433,103,V,V,A
433,103,V,V,C
433,103,V,V,D
433,103,V,V,E
433,103,V,V,F
433,103,V,V,G
433,103,V,V,H
433,103,V,V,I
433,103,V,V,K
433,103,V,V,L
433,103,V,V,M
433,103,V,V,N
433,103,V,V,P
433,103,V,V,Q
433,103,V,V,R
433,103,V,V,S
433,103,V,V,T
433,103,V,V,W
433,103,V,V,Y
434,104,I,I,A
434,104,I,I,C
434,104,I,I,D
434,104,I,I,E
434,104,I,I,F
434,104,I,I,G
434,104,I,I,H
434,104,I,I,K
434,104,I,I,L
434,104,I,I,M
434,104,I,I,N
434,104,I,I,P
434,104,I,I,Q
434,104,I,I,R
434,104,I,I,S
434,104,I,I,T
434,104,I,I,V
434,104,I,I,W
434,104,I,I,Y
435,105,A,A,C
435,105,A,A,D
435,105,A,A,E
435,105,A,A,F
435,105,A,A,G
435,105,A,A,H
435,105,A,A,I
435,105,A,A,K
435,105,A,A,L
435,105,A,A,M
435,105,A,A,N
435,105,A,A,P
435,105,A,A,Q
435,105,A,A,R
435,105,A,A,S
435,105,A,A,T
435,105,A,A,V
435,105,A,A,W
435,105,A,A,Y
436,106,W,W,A
436,106,W,W,C
436,106,W,W,D
436,106,W,W,E
436,106,W,W,F
436,106,W,W,G
436,106,W,W,H
436,106,W,W,I
436,106,W,W,K
436,106,W,W,L
436,106,W,W,M
436,106,W,W,N
436,106,W,W,P
436,106,W,W,Q
436,106,W,W,R
436,106,W,W,S
436,106,W,W,T
436,106,W,W,V
436,106,W,W,Y
437,107,N,N,A
437,107,N,N,C
437,107,N,N,D
437,107,N,N,E
437,107,N,N,F
437,107,N,N,G
437,107,N,N,H
437,107,N,N,I
437,107,N,N,K
437,107,N,N,L
437,107,N,N,M
437,107,N,N,P
437,107,N,N,Q
437,107,N,N,R
437,107,N,N,S
437,107,N,N,T
437,107,N,N,V
437,107,N,N,W
437,107,N,N,Y
438,108,S,S,A
438,108,S,S,C
438,108,S,S,D
438,108,S,S,E
438,108,S,S,F
438,108,S,S,G
438,108,S,S,H
438,108,S,S,I
438,108,S,S,K
438,108,S,S,L
438,108,S,S,M
438,108,S,S,N
438,108,S,S,P
438,108,S,S,Q
438,108,S,S,R
438,108,S,S,T
438,108,S,S,V
438,108,S,S,W
438,108,S,S,Y
439,109,N,N,A
439,109,N,N,C
439,109,N,N,D
439,109,N,N,E
439,109,N,N,F
439,109,N,N,G
439,109,N,N,H
439,109,N,N,I
439,109,N,N,K
439,109,N,N,L
439,109,N,N,M
439,109,N,N,P
439,109,N,N,Q
439,109,N,N,R
439,109,N,N,S
439,109,N,N,T
439,109,N,N,V
439,109,N,N,W
439,109,N,N,Y
440,110,K,N,A
440,110,K,N,C
440,110,K,N,D
440,110,K,N,E
440,110,K,N,F
440,110,K,N,G
440,110,K,N,H
440,110,K,N,I
440,110,K,N,L
440,110,K,N,M
440,110,K,N,N
440,110,K,N,P
440,110,K,N,Q
440,110,K,N,R
440,110,K,N,S
440,110,K,N,T
440,110,K,N,V
440,110,K,N,W
440,110,K,N,Y
441,111,L,L,A
441,111,L,L,C
441,111,L,L,D
441,111,L,L,E
441,111,L,L,F
441,111,L,L,G
441,111,L,L,H
441,111,L,L,I
441,111,L,L,K
441,111,L,L,M
441,111,L,L,N
441,111,L,L,P
441,111,L,L,Q
441,111,L,L,R
441,111,L,L,S
441,111,L,L,T
441,111,L,L,V
441,111,L,L,W
441,111,L,L,Y
442,112,D,D,A
442,112,D,D,C
442,112,D,D,E
442,112,D,D,F
442,112,D,D,G
442,112,D,D,H
442,112,D,D,I
442,112,D,D,K
442,112,D,D,L
442,112,D,D,M
442,112,D,D,N
442,112,D,D,P
442,112,D,D,Q
442,112,D,D,R
442,112,D,D,S
442,112,D,D,T
442,112,D,D,V
442,112,D,D,W
442,112,D,D,Y
443,113,S,S,A
443,113,S,S,C
443,113,S,S,D
443,113,S,S,E
443,113,S,S,F
443,113,S,S,G
443,113,S,S,H
443,113,S,S,I
443,113,S,S,K
443,113,S,S,L
443,113,S,S,M
443,113,S,S,N
443,113,S,S,P
443,113,S,S,Q
443,113,S,S,R
443,113,S,S,T
443,113,S,S,V
443,113,S,S,W
443,113,S,S,Y
444,114,K,K,-
444,114,K,K,A
444,114,K,K,C
444,114,K,K,D
444,114,K,K,E
444,114,K,K,F
444,114,K,K,G
444,114,K,K,H
444,114,K,K,I
444,114,K,K,L
444,114,K,K,M
444,114,K,K,N
444,114,K,K,P
444,114,K,K,Q
444,114,K,K,R
444,114,K,K,S
444,114,K,K,T
444,114,K,K,V
444,114,K,K,W
444,114,K,K,Y
445,115,P,V,-
445,115,P,V,A
445,115,P,V,C
445,115,P,V,D
445,115,P,V,E
445,115,P,V,F
445,115,P,V,G
445,115,P,V,H
445,115,P,V,I
445,115,P,V,K
445,115,P,V,L
445,115,P,V,M
445,115,P,V,N
445,115,P,V,Q
445,115,P,V,R
445,115,P,V,S
445,115,P,V,T
445,115,P,V,V
445,115,P,V,W
445,115,P,V,Y
446,116,S,G,-
446,116,S,G,A
446,116,S,G,C
446,116,S,G,D
446,116,S,G,E
446,116,S,G,F
446,116,S,G,G
446,116,S,G,H
446,116,S,G,I
446,116,S,G,K
446,116,S,G,L
446,116,S,G,M
446,116,S,G,N
446,116,S,G,P
446,116,S,G,Q
446,116,S,G,R
446,116,S,G,T
446,116,S,G,V
446,116,S,G,W
446,116,S,G,Y
447,117,G,G,-
447,117,G,G,A
447,117,G,G,C
447,117,G,G,D
447,117,G,G,E
447,117,G,G,F
447,117,G,G,H
447,117,G,G,I
447,117,G,G,K
447,117,G,G,L
447,117,G,G,M
447,117,G,G,N
447,117,G,G,P
447,117,G,G,Q
447,117,G,G,R
447,117,G,G,S
447,117,G,G,T
447,117,G,G,V
447,117,G,G,W
447,117,G,G,Y
448,118,N,N,-
448,118,N,N,A
448,118,N,N,C
448,118,N,N,D
448,118,N,N,E
448,118,N,N,F
448,118,N,N,G
448,118,N,N,H
448,118,N,N,I
448,118,N,N,K
448,118,N,N,L
448,118,N,N,M
448,118,N,N,P
448,118,N,N,Q
448,118,N,N,R
448,118,N,N,S
448,118,N,N,T
448,118,N,N,V
448,118,N,N,W
448,118,N,N,Y
449,119,Y,Y,-
449,119,Y,Y,A
449,119,Y,Y,C
449,119,Y,Y,D
449,119,Y,Y,E
449,119,Y,Y,F
449,119,Y,Y,G
449,119,Y,Y,H
449,119,Y,Y,I
449,119,Y,Y,K
449,119,Y,Y,L
449,119,Y,Y,M
449,119,Y,Y,N
449,119,Y,Y,P
449,119,Y,Y,Q
449,119,Y,Y,R
449,119,Y,Y,S
449,119,Y,Y,T
449,119,Y,Y,V
449,119,Y,Y,W
450,120,N,N,A
450,120,N,N,C
450,120,N,N,D
450,120,N,N,E
450,120,N,N,F
450,120,N,N,G
450,120,N,N,H
450,120,N,N,I
450,120,N,N,K
450,120,N,N,L
450,120,N,N,M
450,120,N,N,P
450,120,N,N,Q
450,120,N,N,R
450,120,N,N,S
450,120,N,N,T
450,120,N,N,V
450,120,N,N,W
450,120,N,N,Y
451,121,Y,Y,A
451,121,Y,Y,C
451,121,Y,Y,D
451,121,Y,Y,E
451,121,Y,Y,F
451,121,Y,Y,G
451,121,Y,Y,H
451,121,Y,Y,I
451,121,Y,Y,K
451,121,Y,Y,L
451,121,Y,Y,M
451,121,Y,Y,N
451,121,Y,Y,P
451,121,Y,Y,Q
451,121,Y,Y,R
451,121,Y,Y,S
451,121,Y,Y,T
451,121,Y,Y,V
451,121,Y,Y,W
452,122,L,L,A
452,122,L,L,C
452,122,L,L,D
452,122,L,L,E
452,122,L,L,F
452,122,L,L,G
452,122,L,L,H
452,122,L,L,I
452,122,L,L,K
452,122,L,L,M
452,122,L,L,N
452,122,L,L,P
452,122,L,L,Q
452,122,L,L,R
452,122,L,L,S
452,122,L,L,T
452,122,L,L,V
452,122,L,L,W
452,122,L,L,Y
453,123,Y,Y,A
453,123,Y,Y,C
453,123,Y,Y,D
453,123,Y,Y,E
453,123,Y,Y,F
453,123,Y,Y,G
453,123,Y,Y,H
453,123,Y,Y,I
453,123,Y,Y,K
453,123,Y,Y,L
453,123,Y,Y,M
453,123,Y,Y,N
453,123,Y,Y,P
453,123,Y,Y,Q
453,123,Y,Y,R
453,123,Y,Y,S
453,123,Y,Y,T
453,123,Y,Y,V
453,123,Y,Y,W
454,124,R,R,A
454,124,R,R,C
454,124,R,R,D
454,124,R,R,E
454,124,R,R,F
454,124,R,R,G
454,124,R,R,H
454,124,R,R,I
454,124,R,R,K
454,124,R,R,L
454,124,R,R,M
454,124,R,R,N
454,124,R,R,P
454,124,R,R,Q
454,124,R,R,S
454,124,R,R,T
454,124,R,R,V
454,124,R,R,W
454,124,R,R,Y
455,125,L,L,A
455,125,L,L,C
455,125,L,L,D
455,125,L,L,E
455,125,L,L,F
455,125,L,L,G
455,125,L,L,H
455,125,L,L,I
455,125,L,L,K
455,125,L,L,M
455,125,L,L,N
455,125,L,L,P
455,125,L,L,Q
455,125,L,L,R
455,125,L,L,S
455,125,L,L,T
455,125,L,L,V
455,125,L,L,W
455,125,L,L,Y
456,126,F,F,A
456,126,F,F,C
456,126,F,F,D
456,126,F,F,E
456,126,F,F,G
456,126,F,F,H
456,126,F,F,I
456,126,F,F,K
456,126,F,F,L
456,126,F,F,M
456,126,F,F,N
456,126,F,F,P
456,126,F,F,Q
456,126,F,F,R
456,126,F,F,S
456,126,F,F,T
456,126,F,F,V
456,126,F,F,W
456,126,F,F,Y
457,127,R,R,A
457,127,R,R,C
457,127,R,R,D
457,127,R,R,E
457,127,R,R,F
457,127,R,R,G
457,127,R,R,H
457,127,R,R,I
457,127,R,R,K
457,127,R,R,L
457,127,R,R,M
457,127,R,R,N
457,127,R,R,P
457,127,R,R,Q
457,127,R,R,S
457,127,R,R,T
457,127,R,R,V
457,127,R,R,W
457,127,R,R,Y
458,128,K,K,A
458,128,K,K,C
458,128,K,K,D
458,128,K,K,E
458,128,K,K,F
458,128,K,K,G
458,128,K,K,H
458,128,K,K,I
458,128,K,K,L
458,128,K,K,M
458,128,K,K,N
458,128,K,K,P
458,128,K,K,Q
458,128,K,K,R
458,128,K,K,S
458,128,K,K,T
458,128,K,K,V
458,128,K,K,W
458,128,K,K,Y
459,129,S,S,A
459,129,S,S,C
459,129,S,S,D
459,129,S,S,E
459,129,S,S,F
459,129,S,S,G
459,129,S,S,H
459,129,S,S,I
459,129,S,S,K
459,129,S,S,L
459,129,S,S,M
459,129,S,S,N
459,129,S,S,P
459,129,S,S,Q
459,129,S,S,R
459,129,S,S,T
459,129,S,S,V
459,129,S,S,W
459,129,S,S,Y
460,130,K,N,A
460,130,K,N,C
460,130,K,N,D
460,130,K,N,E
460,130,K,N,F
460,130,K,N,G
460,130,K,N,H
460,130,K,N,I
460,130,K,N,L
460,130,K,N,M
460,130,K,N,N
460,130,K,N,P
460,130,K,N,Q
460,130,K,N,R
460,130,K,N,S
460,130,K,N,T
460,130,K,N,V
460,130,K,N,W
460,130,K,N,Y
461,131,L,L,A
461,131,L,L,C
461,131,L,L,D
461,131,L,L,E
461,131,L,L,F
461,131,L,L,G
461,131,L,L,H
461,131,L,L,I
461,131,L,L,K
461,131,L,L,M
461,131,L,L,N
461,131,L,L,P
461,131,L,L,Q
461,131,L,L,R
461,131,L,L,S
461,131,L,L,T
461,131,L,L,V
461,131,L,L,W
461,131,L,L,Y
462,132,K,K,A
462,132,K,K,C
462,132,K,K,D
462,132,K,K,E
462,132,K,K,F
462,132,K,K,G
462,132,K,K,H
462,132,K,K,I
462,132,K,K,L
462,132,K,K,M
462,132,K,K,N
462,132,K,K,P
462,132,K,K,Q
462,132,K,K,R
462,132,K,K,S
462,132,K,K,T
462,132,K,K,V
462,132,K,K,W
462,132,K,K,Y
463,133,P,P,A
463,133,P,P,C
463,133,P,P,D
463,133,P,P,E
463,133,P,P,F
463,133,P,P,G
463,133,P,P,H
463,133,P,P,I
463,133,P,P,K
463,133,P,P,L
463,133,P,P,M
463,133,P,P,N
463,133,P,P,Q
463,133,P,P,R
463,133,P,P,S
463,133,P,P,T
463,133,P,P,V
463,133,P,P,W
463,133,P,P,Y
464,134,F,F,A
464,134,F,F,C
464,134,F,F,D
464,134,F,F,E
464,134,F,F,G
464,134,F,F,H
464,134,F,F,I
464,134,F,F,K
464,134,F,F,L
464,134,F,F,M
464,134,F,F,N
464,134,F,F,P
464,134,F,F,Q
464,134,F,F,R
464,134,F,F,S
464,134,F,F,T
464,134,F,F,V
464,134,F,F,W
464,134,F,F,Y
465,135,E,E,A
465,135,E,E,C
465,135,E,E,D
465,135,E,E,F
465,135,E,E,G
465,135,E,E,H
465,135,E,E,I
465,135,E,E,K
465,135,E,E,L
465,135,E,E,M
465,135,E,E,N
465,135,E,E,P
465,135,E,E,Q
465,135,E,E,R
465,135,E,E,S
465,135,E,E,T
465,135,E,E,V
465,135,E,E,W
465,135,E,E,Y
466,136,R,R,A
466,136,R,R,C
466,136,R,R,D
466,136,R,R,E
466,136,R,R,F
466,136,R,R,G
466,136,R,R,H
466,136,R,R,I
466,136,R,R,K
466,136,R,R,L
466,136,R,R,M
466,136,R,R,N
466,136,R,R,P
466,136,R,R,Q
466,136,R,R,S
466,136,R,R,T
466,136,R,R,V
466,136,R,R,W
466,136,R,R,Y
467,137,D,D,A
467,137,D,D,C
467,137,D,D,E
467,137,D,D,F
467,137,D,D,G
467,137,D,D,H
467,137,D,D,I
467,137,D,D,K
467,137,D,D,L
467,137,D,D,M
467,137,D,D,N
467,137,D,D,P
467,137,D,D,Q
467,137,D,D,R
467,137,D,D,S
467,137,D,D,T
467,137,D,D,V
467,137,D,D,W
467,137,D,D,Y
468,138,I,I,A
468,138,I,I,C
468,138,I,I,D
468,138,I,I,E
468,138,I,I,F
468,138,I,I,G
468,138,I,I,H
468,138,I,I,K
468,138,I,I,L
468,138,I,I,M
468,138,I,I,N
468,138,I,I,P
468,138,I,I,Q
468,138,I,I,R
468,138,I,I,S
468,138,I,I,T
468,138,I,I,V
468,138,I,I,W
468,138,I,I,Y
469,139,S,S,A
469,139,S,S,C
469,139,S,S,D
469,139,S,S,E
469,139,S,S,F
469,139,S,S,G
469,139,S,S,H
469,139,S,S,I
469,139,S,S,K
469,139,S,S,L
469,139,S,S,M
469,139,S,S,N
469,139,S,S,P
469,139,S,S,Q
469,139,S,S,R
469,139,S,S,T
469,139,S,S,V
469,139,S,S,W
469,139,S,S,Y
470,140,T,T,A
470,140,T,T,C
470,140,T,T,D
470,140,T,T,E
470,140,T,T,F
470,140,T,T,G
470,140,T,T,H
470,140,T,T,I
470,140,T,T,K
470,140,T,T,L
470,140,T,T,M
470,140,T,T,N
470,140,T,T,P
470,140,T,T,Q
470,140,T,T,R
470,140,T,T,S
470,140,T,T,V
470,140,T,T,W
470,140,T,T,Y
471,141,E,E,A
471,141,E,E,C
471,141,E,E,D
471,141,E,E,F
471,141,E,E,G
471,141,E,E,H
471,141,E,E,I
471,141,E,E,K
471,141,E,E,L
471,141,E,E,M
471,141,E,E,N
471,141,E,E,P
471,141,E,E,Q
471,141,E,E,R
471,141,E,E,S
471,141,E,E,T
471,141,E,E,V
471,141,E,E,W
471,141,E,E,Y
472,142,I,I,A
472,142,I,I,C
472,142,I,I,D
472,142,I,I,E
472,142,I,I,F
472,142,I,I,G
472,142,I,I,H
472,142,I,I,K
472,142,I,I,L
472,142,I,I,M
472,142,I,I,N
472,142,I,I,P
472,142,I,I,Q
472,142,I,I,R
472,142,I,I,S
472,142,I,I,T
472,142,I,I,V
472,142,I,I,W
472,142,I,I,Y
473,143,Y,Y,A
473,143,Y,Y,C
473,143,Y,Y,D
473,143,Y,Y,E
473,143,Y,Y,F
473,143,Y,Y,G
473,143,Y,Y,H
473,143,Y,Y,I
473,143,Y,Y,K
473,143,Y,Y,L
473,143,Y,Y,M
473,143,Y,Y,N
473,143,Y,Y,P
473,143,Y,Y,Q
473,143,Y,Y,R
473,143,Y,Y,S
473,143,Y,Y,T
473,143,Y,Y,V
473,143,Y,Y,W
474,144,Q,Q,A
474,144,Q,Q,C
474,144,Q,Q,D
474,144,Q,Q,E
474,144,Q,Q,F
474,144,Q,Q,G
474,144,Q,Q,H
474,144,Q,Q,I
474,144,Q,Q,K
474,144,Q,Q,L
474,144,Q,Q,M
474,144,Q,Q,N
474,144,Q,Q,P
474,144,Q,Q,R
474,144,Q,Q,S
474,144,Q,Q,T
474,144,Q,Q,V
474,144,Q,Q,W
474,144,Q,Q,Y
475,145,A,A,C
475,145,A,A,D
475,145,A,A,E
475,145,A,A,F
475,145,A,A,G
475,145,A,A,H
475,145,A,A,I
475,145,A,A,K
475,145,A,A,L
475,145,A,A,M
475,145,A,A,N
475,145,A,A,P
475,145,A,A,Q
475,145,A,A,R
475,145,A,A,S
475,145,A,A,T
475,145,A,A,V
475,145,A,A,W
475,145,A,A,Y
476,146,G,G,A
476,146,G,G,C
476,146,G,G,D
476,146,G,G,E
476,146,G,G,F
476,146,G,G,H
476,146,G,G,I
476,146,G,G,K
476,146,G,G,L
476,146,G,G,M
476,146,G,G,N
476,146,G,G,P
476,146,G,G,Q
476,146,G,G,R
476,146,G,G,S
476,146,G,G,T
476,146,G,G,V
476,146,G,G,W
476,146,G,G,Y
477,147,N,S,A
477,147,N,S,C
477,147,N,S,D
477,147,N,S,E
477,147,N,S,F
477,147,N,S,G
477,147,N,S,H
477,147,N,S,I
477,147,N,S,K
477,147,N,S,L
477,147,N,S,M
477,147,N,S,P
477,147,N,S,Q
477,147,N,S,R
477,147,N,S,S
477,147,N,S,T
477,147,N,S,V
477,147,N,S,W
477,147,N,S,Y
478,148,K,T,A
478,148,K,T,C
478,148,K,T,D
478,148,K,T,E
478,148,K,T,F
478,148,K,T,G
478,148,K,T,H
478,148,K,T,I
478,148,K,T,L
478,148,K,T,M
478,148,K,T,N
478,148,K,T,P
478,148,K,T,Q
478,148,K,T,R
478,148,K,T,S
478,148,K,T,T
478,148,K,T,V
478,148,K,T,W
478,148,K,T,Y
479,149,P,P,A
479,149,P,P,C
479,149,P,P,D
479,149,P,P,E
479,149,P,P,F
479,149,P,P,G
479,149,P,P,H
479,149,P,P,I
479,149,P,P,K
479,149,P,P,L
479,149,P,P,M
479,149,P,P,N
479,149,P,P,Q
479,149,P,P,R
479,149,P,P,S
479,149,P,P,T
479,149,P,P,V
479,149,P,P,W
479,149,P,P,Y
480,150,C,C,A
480,150,C,C,D
480,150,C,C,E
480,150,C,C,F
480,150,C,C,G
480,150,C,C,H
480,150,C,C,I
480,150,C,C,K
480,150,C,C,L
480,150,C,C,M
480,150,C,C,N
480,150,C,C,P
480,150,C,C,Q
480,150,C,C,R
480,150,C,C,S
480,150,C,C,T
480,150,C,C,V
480,150,C,C,W
480,150,C,C,Y
481,151,N,N,A
481,151,N,N,C
481,151,N,N,D
481,151,N,N,E
481,151,N,N,F
481,151,N,N,G
481,151,N,N,H
481,151,N,N,I
481,151,N,N,K
481,151,N,N,L
481,151,N,N,M
481,151,N,N,P
481,151,N,N,Q
481,151,N,N,R
481,151,N,N,S
481,151,N,N,T
481,151,N,N,V
481,151,N,N,W
481,151,N,N,Y
482,152,G,G,A
482,152,G,G,C
482,152,G,G,D
482,152,G,G,E
482,152,G,G,F
482,152,G,G,H
482,152,G,G,I
482,152,G,G,K
482,152,G,G,L
482,152,G,G,M
482,152,G,G,N
482,152,G,G,P
482,152,G,G,Q
482,152,G,G,R
482,152,G,G,S
482,152,G,G,T
482,152,G,G,V
482,152,G,G,W
482,152,G,G,Y
483,153,V,V,-
483,153,V,V,A
483,153,V,V,C
483,153,V,V,D
483,153,V,V,E
483,153,V,V,F
483,153,V,V,G
483,153,V,V,H
483,153,V,V,I
483,153,V,V,K
483,153,V,V,L
483,153,V,V,M
483,153,V,V,N
483,153,V,V,P
483,153,V,V,Q
483,153,V,V,R
483,153,V,V,S
483,153,V,V,T
483,153,V,V,W
483,153,V,V,Y
484,154,A,E,-
484,154,A,E,C
484,154,A,E,D
484,154,A,E,E
484,154,A,E,F
484,154,A,E,G
484,154,A,E,H
484,154,A,E,I
484,154,A,E,K
484,154,A,E,L
484,154,A,E,M
484,154,A,E,N
484,154,A,E,P
484,154,A,E,Q
484,154,A,E,R
484,154,A,E,S
484,154,A,E,T
484,154,A,E,V
484,154,A,E,W
484,154,A,E,Y
485,155,G,G,-
485,155,G,G,A
485,155,G,G,C
485,155,G,G,D
485,155,G,G,E
485,155,G,G,F
485,155,G,G,H
485,155,G,G,I
485,155,G,G,K
485,155,G,G,L
485,155,G,G,M
485,155,G,G,N
485,155,G,G,P
485,155,G,G,Q
485,155,G,G,R
485,155,G,G,S
485,155,G,G,T
485,155,G,G,V
485,155,G,G,W
485,155,G,G,Y
486,156,P,F,-
486,156,P,F,A
486,156,P,F,C
486,156,P,F,D
486,156,P,F,E
486,156,P,F,F
486,156,P,F,G
486,156,P,F,H
486,156,P,F,I
486,156,P,F,K
486,156,P,F,L
486,156,P,F,M
486,156,P,F,N
486,156,P,F,Q
486,156,P,F,R
486,156,P,F,S
486,156,P,F,T
486,156,P,F,V
486,156,P,F,W
486,156,P,F,Y
487,157,N,N,A
487,157,N,N,C
487,157,N,N,D
487,157,N,N,E
487,157,N,N,F
487,157,N,N,G
487,157,N,N,H
487,157,N,N,I
487,157,N,N,K
487,157,N,N,L
487,157,N,N,M
487,157,N,N,P
487,157,N,N,Q
487,157,N,N,R
487,157,N,N,S
487,157,N,N,T
487,157,N,N,V
487,157,N,N,W
487,157,N,N,Y
488,158,C,C,A
488,158,C,C,D
488,158,C,C,E
488,158,C,C,F
488,158,C,C,G
488,158,C,C,H
488,158,C,C,I
488,158,C,C,K
488,158,C,C,L
488,158,C,C,M
488,158,C,C,N
488,158,C,C,P
488,158,C,C,Q
488,158,C,C,R
488,158,C,C,S
488,158,C,C,T
488,158,C,C,V
488,158,C,C,W
488,158,C,C,Y
489,159,Y,Y,A
489,159,Y,Y,C
489,159,Y,Y,D
489,159,Y,Y,E
489,159,Y,Y,F
489,159,Y,Y,G
489,159,Y,Y,H
489,159,Y,Y,I
489,159,Y,Y,K
489,159,Y,Y,L
489,159,Y,Y,M
489,159,Y,Y,N
489,159,Y,Y,P
489,159,Y,Y,Q
489,159,Y,Y,R
489,159,Y,Y,S
489,159,Y,Y,T
489,159,Y,Y,V
489,159,Y,Y,W
490,160,F,F,A
490,160,F,F,C
490,160,F,F,D
490,160,F,F,E
490,160,F,F,G
490,160,F,F,H
490,160,F,F,I
490,160,F,F,K
490,160,F,F,L
490,160,F,F,M
490,160,F,F,N
490,160,F,F,P
490,160,F,F,Q
490,160,F,F,R
490,160,F,F,S
490,160,F,F,T
490,160,F,F,V
490,160,F,F,W
490,160,F,F,Y
491,161,P,P,A
491,161,P,P,C
491,161,P,P,D
491,161,P,P,E
491,161,P,P,F
491,161,P,P,G
491,161,P,P,H
491,161,P,P,I
491,161,P,P,K
491,161,P,P,L
491,161,P,P,M
491,161,P,P,N
491,161,P,P,Q
491,161,P,P,R
491,161,P,P,S
491,161,P,P,T
491,161,P,P,V
491,161,P,P,W
491,161,P,P,Y
492,162,L,L,A
492,162,L,L,C
492,162,L,L,D
492,162,L,L,E
492,162,L,L,F
492,162,L,L,G
492,162,L,L,H
492,162,L,L,I
492,162,L,L,K
492,162,L,L,M
492,162,L,L,N
492,162,L,L,P
492,162,L,L,Q
492,162,L,L,R
492,162,L,L,S
492,162,L,L,T
492,162,L,L,V
492,162,L,L,W
492,162,L,L,Y
493,163,Q,Q,A
493,163,Q,Q,C
493,163,Q,Q,D
493,163,Q,Q,E
493,163,Q,Q,F
493,163,Q,Q,G
493,163,Q,Q,H
493,163,Q,Q,I
493,163,Q,Q,K
493,163,Q,Q,L
493,163,Q,Q,M
493,163,Q,Q,N
493,163,Q,Q,P
493,163,Q,Q,R
493,163,Q,Q,S
493,163,Q,Q,T
493,163,Q,Q,V
493,163,Q,Q,W
493,163,Q,Q,Y
494,164,S,S,A
494,164,S,S,C
494,164,S,S,D
494,164,S,S,E
494,164,S,S,F
494,164,S,S,G
494,164,S,S,H
494,164,S,S,I
494,164,S,S,K
494,164,S,S,L
494,164,S,S,M
494,164,S,S,N
494,164,S,S,P
494,164,S,S,Q
494,164,S,S,R
494,164,S,S,T
494,164,S,S,V
494,164,S,S,W
494,164,S,S,Y
495,165,Y,Y,A
495,165,Y,Y,C
495,165,Y,Y,D
495,165,Y,Y,E
495,165,Y,Y,F
495,165,Y,Y,G
495,165,Y,Y,H
495,165,Y,Y,I
495,165,Y,Y,K
495,165,Y,Y,L
495,165,Y,Y,M
495,165,Y,Y,N
495,165,Y,Y,P
495,165,Y,Y,Q
495,165,Y,Y,R
495,165,Y,Y,S
495,165,Y,Y,T
495,165,Y,Y,V
495,165,Y,Y,W
496,166,G,G,A
496,166,G,G,C
496,166,G,G,D
496,166,G,G,E
496,166,G,G,F
496,166,G,G,H
496,166,G,G,I
496,166,G,G,K
496,166,G,G,L
496,166,G,G,M
496,166,G,G,N
496,166,G,G,P
496,166,G,G,Q
496,166,G,G,R
496,166,G,G,S
496,166,G,G,T
496,166,G,G,V
496,166,G,G,W
496,166,G,G,Y
497,167,F,F,A
497,167,F,F,C
497,167,F,F,D
497,167,F,F,E
497,167,F,F,G
497,167,F,F,H
497,167,F,F,I
497,167,F,F,K
497,167,F,F,L
497,167,F,F,M
497,167,F,F,N
497,167,F,F,P
497,167,F,F,Q
497,167,F,F,R
497,167,F,F,S
497,167,F,F,T
497,167,F,F,V
497,167,F,F,W
497,167,F,F,Y
498,168,R,Q,A
498,168,R,Q,C
498,168,R,Q,D
498,168,R,Q,E
498,168,R,Q,F
498,168,R,Q,G
498,168,R,Q,H
498,168,R,Q,I
498,168,R,Q,K
498,168,R,Q,L
498,168,R,Q,M
498,168,R,Q,N
498,168,R,Q,P
498,168,R,Q,Q
498,168,R,Q,S
498,168,R,Q,T
498,168,R,Q,V
498,168,R,Q,W
498,168,R,Q,Y
499,169,P,P,A
499,169,P,P,C
499,169,P,P,D
499,169,P,P,E
499,169,P,P,F
499,169,P,P,G
499,169,P,P,H
499,169,P,P,I
499,169,P,P,K
499,169,P,P,L
499,169,P,P,M
499,169,P,P,N
499,169,P,P,Q
499,169,P,P,R
499,169,P,P,S
499,169,P,P,T
499,169,P,P,V
499,169,P,P,W
499,169,P,P,Y
500,170,T,T,A
500,170,T,T,C
500,170,T,T,D
500,170,T,T,E
500,170,T,T,F
500,170,T,T,G
500,170,T,T,H
500,170,T,T,I
500,170,T,T,K
500,170,T,T,L
500,170,T,T,M
500,170,T,T,N
500,170,T,T,P
500,170,T,T,Q
500,170,T,T,R
500,170,T,T,S
500,170,T,T,V
500,170,T,T,W
500,170,T,T,Y
501,171,Y,N,A
501,171,Y,N,C
501,171,Y,N,D
501,171,Y,N,E
501,171,Y,N,F
501,171,Y,N,G
501,171,Y,N,H
501,171,Y,N,I
501,171,Y,N,K
501,171,Y,N,L
501,171,Y,N,M
501,171,Y,N,N
501,171,Y,N,P
501,171,Y,N,Q
501,171,Y,N,R
501,171,Y,N,S
501,171,Y,N,T
501,171,Y,N,V
501,171,Y,N,W
502,172,G,G,A
502,172,G,G,C
502,172,G,G,D
502,172,G,G,E
502,172,G,G,F
502,172,G,G,H
502,172,G,G,I
502,172,G,G,K
502,172,G,G,L
502,172,G,G,M
502,172,G,G,N
502,172,G,G,P
502,172,G,G,Q
502,172,G,G,R
502,172,G,G,S
502,172,G,G,T
502,172,G,G,V
502,172,G,G,W
502,172,G,G,Y
503,173,V,V,A
503,173,V,V,C
503,173,V,V,D
503,173,V,V,E
503,173,V,V,F
503,173,V,V,G
503,173,V,V,H
503,173,V,V,I
503,173,V,V,K
503,173,V,V,L
503,173,V,V,M
503,173,V,V,N
503,173,V,V,P
503,173,V,V,Q
503,173,V,V,R
503,173,V,V,S
503,173,V,V,T
503,173,V,V,W
503,173,V,V,Y
504,174,G,G,A
504,174,G,G,C
504,174,G,G,D
504,174,G,G,E
504,174,G,G,F
504,174,G,G,H
504,174,G,G,I
504,174,G,G,K
504,174,G,G,L
504,174,G,G,M
504,174,G,G,N
504,174,G,G,P
504,174,G,G,Q
504,174,G,G,R
504,174,G,G,S
504,174,G,G,T
504,174,G,G,V
504,174,G,G,W
504,174,G,G,Y
505,175,H,Y,A
505,175,H,Y,C
505,175,H,Y,D
505,175,H,Y,E
505,175,H,Y,F
505,175,H,Y,G
505,175,H,Y,I
505,175,H,Y,K
505,175,H,Y,L
505,175,H,Y,M
505,175,H,Y,N
505,175,H,Y,P
505,175,H,Y,Q
505,175,H,Y,R
505,175,H,Y,S
505,175,H,Y,T
505,175,H,Y,V
505,175,H,Y,W
505,175,H,Y,Y
506,176,Q,Q,A
506,176,Q,Q,C
506,176,Q,Q,D
506,176,Q,Q,E
506,176,Q,Q,F
506,176,Q,Q,G
506,176,Q,Q,H
506,176,Q,Q,I
506,176,Q,Q,K
506,176,Q,Q,L
506,176,Q,Q,M
506,176,Q,Q,N
506,176,Q,Q,P
506,176,Q,Q,R
506,176,Q,Q,S
506,176,Q,Q,T
506,176,Q,Q,V
506,176,Q,Q,W
506,176,Q,Q,Y
507,177,P,P,A
507,177,P,P,C
507,177,P,P,D
507,177,P,P,E
507,177,P,P,F
507,177,P,P,G
507,177,P,P,H
507,177,P,P,I
507,177,P,P,K
507,177,P,P,L
507,177,P,P,M
507,177,P,P,N
507,177,P,P,Q
507,177,P,P,R
507,177,P,P,S
507,177,P,P,T
507,177,P,P,V
507,177,P,P,W
507,177,P,P,Y
508,178,Y,Y,A
508,178,Y,Y,C
508,178,Y,Y,D
508,178,Y,Y,E
508,178,Y,Y,F
508,178,Y,Y,G
508,178,Y,Y,H
508,178,Y,Y,I
508,178,Y,Y,K
508,178,Y,Y,L
508,178,Y,Y,M
508,178,Y,Y,N
508,178,Y,Y,P
508,178,Y,Y,Q
508,178,Y,Y,R
508,178,Y,Y,S
508,178,Y,Y,T
508,178,Y,Y,V
508,178,Y,Y,W
509,179,R,R,A
509,179,R,R,C
509,179,R,R,D
509,179,R,R,E
509,179,R,R,F
509,179,R,R,G
509,179,R,R,H
509,179,R,R,I
509,179,R,R,K
509,179,R,R,L
509,179,R,R,M
509,179,R,R,N
509,179,R,R,P
509,179,R,R,Q
509,179,R,R,S
509,179,R,R,T
509,179,R,R,V
509,179,R,R,W
509,179,R,R,Y
510,180,V,V,A
510,180,V,V,C
510,180,V,V,D
510,180,V,V,E
510,180,V,V,F
510,180,V,V,G
510,180,V,V,H
510,180,V,V,I
510,180,V,V,K
510,180,V,V,L
510,180,V,V,M
510,180,V,V,N
510,180,V,V,P
510,180,V,V,Q
510,180,V,V,R
510,180,V,V,S
510,180,V,V,T
510,180,V,V,W
510,180,V,V,Y
511,181,V,V,A
511,181,V,V,C
511,181,V,V,D
511,181,V,V,E
511,181,V,V,F
511,181,V,V,G
511,181,V,V,H
511,181,V,V,I
511,181,V,V,K
511,181,V,V,L
511,181,V,V,M
511,181,V,V,N
511,181,V,V,P
511,181,V,V,Q
511,181,V,V,R
511,181,V,V,S
511,181,V,V,T
511,181,V,V,W
511,181,V,V,Y
512,182,V,V,A
512,182,V,V,C
512,182,V,V,D
512,182,V,V,E
512,182,V,V,F
512,182,V,V,G
512,182,V,V,H
512,182,V,V,I
512,182,V,V,K
512,182,V,V,L
512,182,V,V,M
512,182,V,V,N
512,182,V,V,P
512,182,V,V,Q
512,182,V,V,R
512,182,V,V,S
512,182,V,V,T
512,182,V,V,W
512,182,V,V,Y
513,183,L,L,A
513,183,L,L,C
513,183,L,L,D
513,183,L,L,E
513,183,L,L,F
513,183,L,L,G
513,183,L,L,H
513,183,L,L,I
513,183,L,L,K
513,183,L,L,M
513,183,L,L,N
513,183,L,L,P
513,183,L,L,Q
513,183,L,L,R
513,183,L,L,S
513,183,L,L,T
513,183,L,L,V
513,183,L,L,W
513,183,L,L,Y
514,184,S,S,A
514,184,S,S,C
514,184,S,S,D
514,184,S,S,E
514,184,S,S,F
514,184,S,S,G
514,184,S,S,H
514,184,S,S,I
514,184,S,S,K
514,184,S,S,L
514,184,S,S,M
514,184,S,S,N
514,184,S,S,P
514,184,S,S,Q
514,184,S,S,R
514,184,S,S,T
514,184,S,S,V
514,184,S,S,W
514,184,S,S,Y
515,185,F,F,A
515,185,F,F,C
515,185,F,F,D
515,185,F,F,E
515,185,F,F,G
515,185,F,F,H
515,185,F,F,I
515,185,F,F,K
515,185,F,F,L
515,185,F,F,M
515,185,F,F,N
515,185,F,F,P
515,185,F,F,Q
515,185,F,F,R
515,185,F,F,S
515,185,F,F,T
515,185,F,F,V
515,185,F,F,W
515,185,F,F,Y
516,186,E,E,A
516,186,E,E,C
516,186,E,E,D
516,186,E,E,F
516,186,E,E,G
516,186,E,E,H
516,186,E,E,I
516,186,E,E,K
516,186,E,E,L
516,186,E,E,M
516,186,E,E,N
516,186,E,E,P
516,186,E,E,Q
516,186,E,E,R
516,186,E,E,S
516,186,E,E,T
516,186,E,E,V
516,186,E,E,W
516,186,E,E,Y
517,187,L,L,A
517,187,L,L,C
517,187,L,L,D
517,187,L,L,E
517,187,L,L,F
517,187,L,L,G
517,187,L,L,H
517,187,L,L,I
517,187,L,L,K
517,187,L,L,M
517,187,L,L,N
517,187,L,L,P
517,187,L,L,Q
517,187,L,L,R
517,187,L,L,S
517,187,L,L,T
517,187,L,L,V
517,187,L,L,W
517,187,L,L,Y
518,188,L,L,A
518,188,L,L,C
518,188,L,L,D
518,188,L,L,E
518,188,L,L,F
518,188,L,L,G
518,188,L,L,H
518,188,L,L,I
518,188,L,L,K
518,188,L,L,M
518,188,L,L,N
518,188,L,L,P
518,188,L,L,Q
518,188,L,L,R
518,188,L,L,S
518,188,L,L,T
518,188,L,L,V
518,188,L,L,W
518,188,L,L,Y
519,189,H,H,A
519,189,H,H,C
519,189,H,H,D
519,189,H,H,E
519,189,H,H,F
519,189,H,H,G
519,189,H,H,I
519,189,H,H,K
519,189,H,H,L
519,189,H,H,M
519,189,H,H,N
519,189,H,H,P
519,189,H,H,Q
519,189,H,H,R
519,189,H,H,S
519,189,H,H,T
519,189,H,H,V
519,189,H,H,W
519,189,H,H,Y
520,190,A,A,C
520,190,A,A,D
520,190,A,A,E
520,190,A,A,F
520,190,A,A,G
520,190,A,A,H
520,190,A,A,I
520,190,A,A,K
520,190,A,A,L
520,190,A,A,M
520,190,A,A,N
520,190,A,A,P
520,190,A,A,Q
520,190,A,A,R
520,190,A,A,S
520,190,A,A,T
520,190,A,A,V
520,190,A,A,W
520,190,A,A,Y
521,191,P,P,A
521,191,P,P,C
521,191,P,P,D
521,191,P,P,E
521,191,P,P,F
521,191,P,P,G
521,191,P,P,H
521,191,P,P,I
521,191,P,P,K
521,191,P,P,L
521,191,P,P,M
521,191,P,P,N
521,191,P,P,Q
521,191,P,P,R
521,191,P,P,S
521,191,P,P,T
521,191,P,P,V
521,191,P,P,W
521,191,P,P,Y
522,192,A,A,C
522,192,A,A,D
522,192,A,A,E
522,192,A,A,F
522,192,A,A,G
522,192,A,A,H
522,192,A,A,I
522,192,A,A,K
522,192,A,A,L
522,192,A,A,M
522,192,A,A,N
522,192,A,A,P
522,192,A,A,Q
522,192,A,A,R
522,192,A,A,S
522,192,A,A,T
522,192,A,A,V
522,192,A,A,W
522,192,A,A,Y
523,193,T,T,A
523,193,T,T,C
523,193,T,T,D
523,193,T,T,E
523,193,T,T,F
523,193,T,T,G
523,193,T,T,H
523,193,T,T,I
523,193,T,T,K
523,193,T,T,L
523,193,T,T,M
523,193,T,T,N
523,193,T,T,P
523,193,T,T,Q
523,193,T,T,R
523,193,T,T,S
523,193,T,T,V
523,193,T,T,W
523,193,T,T,Y
524,194,V,V,A
524,194,V,V,C
524,194,V,V,D
524,194,V,V,E
524,194,V,V,F
524,194,V,V,G
524,194,V,V,H
524,194,V,V,I
524,194,V,V,K
524,194,V,V,L
524,194,V,V,M
524,194,V,V,N
524,194,V,V,P
524,194,V,V,Q
524,194,V,V,R
524,194,V,V,S
524,194,V,V,T
524,194,V,V,W
524,194,V,V,Y
525,195,C,C,A
525,195,C,C,D
525,195,C,C,E
525,195,C,C,F
525,195,C,C,G
525,195,C,C,H
525,195,C,C,I
525,195,C,C,K
525,195,C,C,L
525,195,C,C,M
525,195,C,C,N
525,195,C,C,P
525,195,C,C,Q
525,195,C,C,R
525,195,C,C,S
525,195,C,C,T
525,195,C,C,V
525,195,C,C,W
525,195,C,C,Y
526,196,G,G,A
526,196,G,G,C
526,196,G,G,D
526,196,G,G,E
526,196,G,G,F
526,196,G,G,H
526,196,G,G,I
526,196,G,G,K
526,196,G,G,L
526,196,G,G,M
526,196,G,G,N
526,196,G,G,P
526,196,G,G,Q
526,196,G,G,R
526,196,G,G,S
526,196,G,G,T
526,196,G,G,V
526,196,G,G,W
526,196,G,G,Y
527,197,P,P,A
527,197,P,P,C
527,197,P,P,D
527,197,P,P,E
527,197,P,P,F
527,197,P,P,G
527,197,P,P,H
527,197,P,P,I
527,197,P,P,K
527,197,P,P,L
527,197,P,P,M
527,197,P,P,N
527,197,P,P,Q
527,197,P,P,R
527,197,P,P,S
527,197,P,P,T
527,197,P,P,V
527,197,P,P,W
527,197,P,P,Y
528,198,K,K,A
528,198,K,K,C
528,198,K,K,D
528,198,K,K,E
528,198,K,K,F
528,198,K,K,G
528,198,K,K,H
528,198,K,K,I
528,198,K,K,L
528,198,K,K,M
528,198,K,K,N
528,198,K,K,P
528,198,K,K,Q
528,198,K,K,R
528,198,K,K,S
528,198,K,K,T
528,198,K,K,V
528,198,K,K,W
528,198,K,K,Y
529,199,K,K,A
529,199,K,K,C
529,199,K,K,D
529,199,K,K,E
529,199,K,K,F
529,199,K,K,G
529,199,K,K,H
529,199,K,K,I
529,199,K,K,L
529,199,K,K,M
529,199,K,K,N
529,199,K,K,P
529,199,K,K,Q
529,199,K,K,R
529,199,K,K,S
529,199,K,K,T
529,199,K,K,V
529,199,K,K,W
529,199,K,K,Y
530,200,S,S,A
530,200,S,S,C
530,200,S,S,D
530,200,S,S,E
530,200,S,S,F
530,200,S,S,G
530,200,S,S,H
530,200,S,S,I
530,200,S,S,K
530,200,S,S,L
530,200,S,S,M
530,200,S,S,N
530,200,S,S,P
530,200,S,S,Q
530,200,S,S,R
530,200,S,S,T
530,200,S,S,V
530,200,S,S,W
530,200,S,S,Y
531,201,T,T,A
531,201,T,T,C
531,201,T,T,D
531,201,T,T,E
531,201,T,T,F
531,201,T,T,G
531,201,T,T,H
531,201,T,T,I
531,201,T,T,K
531,201,T,T,L
531,201,T,T,M
531,201,T,T,N
531,201,T,T,P
531,201,T,T,Q
531,201,T,T,R
531,201,T,T,S
531,201,T,T,V
531,201,T,T,W
531,201,T,T,Y
